URL,Title,PublishDate,Authors,Section,Tags,Views,Visitors,TwitterShares,FacebookShares,LinkedInShares,PinterestShares,TotalShares,DirectReferrers,SelfReferrers,InternalReferrers,SocialReferrers,SearchReferrers,OtherReferrers,Lifecycle
http://talkingpointsmemo.com/livewire/jon-stewart-redskins-segment-interview,Jon Stewart: Redskins Fans Said Some 'Vile Sh*t' During Infamous Segment,"Nov 03, 2014",Tom Kludt,livewire,,23796,22554,68,910,,,978,2317,206,13032,7954,125,162,
http://talkingpointsmemo.com/livewire/bill-kristol-delete-your-account,Bill Kristol Tweet Sets Off Wave Of Identical Replies: 'Delete Your Account',"Nov 03, 2014",Brendan James,livewire,,20880,19614,74,242,,,316,1979,208,10901,7562,47,183,
http://talkingpointsmemo.com/livewire/ben-stein-obama-racist,Ben Stein: Obama 'Most Racist President' Ever In America (VIDEO),"Nov 02, 2014",Caitlin MacNeal,livewire,,12956,11842,187,1386,3,1,1577,992,1683,6278,2502,285,1216,
http://talkingpointsmemo.com/livewire/joni-ernst-charles-pierce-barack-obama-ebola,Ernst Says It's Reporter's 'Opinion' One Person Has Ebola In America,"Nov 03, 2014",Daniel Strauss,livewire,,12293,11464,367,1187,,,1554,1172,143,5367,4127,473,1011,
http://talkingpointsmemo.com/livewire/quinnipiac-poll-colorado-senate-nov-3,Poll: GOP Lead Shrinks Dramatically in Colorado Senate Race's Final Days,"Nov 03, 2014",Dylan Scott,livewire,,10257,9261,85,322,,,407,519,132,7845,844,821,96,
http://talkingpointsmemo.com/livewire/john-oliver-power-of-state-legislatures,John Oliver Reveals The Terrifying Power Of State Legislatures (VIDEO),"Nov 03, 2014",Brendan James,livewire,,7413,6554,189,858,,,1047,943,563,3782,1894,39,192,
http://talkingpointsmemo.com/livewire/cnn-panelist-mansplains-anti-catcall-video,WATCH: CNN Guest Gives Ultimate Mansplanation For Anti-Catcall Video,"Nov 03, 2014",Catherine Thompson,livewire,,6608,6506,47,612,,,659,554,176,3835,1483,286,274,
http://talkingpointsmemo.com/livewire/austin-police-dashcam-they-cant-unrape-you,Dashcam Catches Texas Cop: 'They Can't Un-Rape You' (VIDEO),"Nov 03, 2014",Caitlin MacNeal,livewire,,4544,4340,39,19,,,58,365,33,3359,614,41,132,
http://talkingpointsmemo.com/livewire/twitter-reactionaries-shout-down-lena-dunham-defenders,Reactionaries Shout Down Anyone Who Dares Defend Lena Dunham,"Nov 03, 2014",Catherine Thompson,livewire,,4427,3996,38,7,,,45,379,26,3575,335,35,77,
http://talkingpointsmemo.com/livewire/santa-cruz-fox-news-attack,'I Hate Fox News!' Man Allegedly Attacks Person In Fox Halloween Costume,"Nov 03, 2014",Tom Kludt,livewire,,3582,3493,12,23,,,35,341,45,2836,90,16,254,
http://talkingpointsmemo.com/livewire/mark-udall-abortion-donor,Udall Donor Fumes: 'F--king Abortion Is All He Talks About',"Nov 03, 2014",Dylan Scott,livewire,,3186,2863,47,3,,,50,214,22,2462,346,64,78,
http://talkingpointsmemo.com/livewire/nh-gop-chair-hold-dems-under-water,NH GOP Chair Likens Get-Out-The-Vote Efforts To Drowning Democrats,"Nov 03, 2014",Catherine Thompson,livewire,,2930,2662,53,32,,,85,297,15,2271,155,36,156,
http://talkingpointsmemo.com/livewire/landrieu-race-south,Landrieu Stands By Comments On Race And The South: 'This Is The Truth',"Nov 01, 2014",Sahil Kapur,livewire,,2892,2756,65,566,,,631,294,343,93,2139,4,19,
http://talkingpointsmemo.com/livewire/maine-nurse-ebola-apologizes,Nurse Apologizes And Promises To Stay Out Of Maine Town Center,"Nov 02, 2014",Caitlin MacNeal,livewire,,2637,2497,21,225,,,246,213,406,1340,511,114,53,
http://talkingpointsmemo.com/livewire/alabama-school-district-fbi-agent-student-social-media,School Hired Ex-FBI Agent To Monitor Students On Social Media Then Expelled Them,"Nov 03, 2014",Dylan Scott,livewire,,2521,2316,36,11,,,47,191,8,2095,182,1,44,
http://talkingpointsmemo.com/livewire/tom-harkin-joni-ernst-taylor-swift,Sen. Harkin: Joni Ernst Is 'As Good Looking As Taylor Swift' But Wrong For Iowa,"Nov 03, 2014",Catherine Thompson,livewire,,2145,2046,45,5,,,50,214,291,1055,271,158,156,
http://talkingpointsmemo.com/livewire/fox-news-poll-kansas-senate-race-nov-2,New Poll Shows GOP's Roberts Falling Behind In Kansas Senate Race,"Nov 02, 2014",Dylan Scott,livewire,,1952,1796,5,42,,,47,102,161,261,38,1090,300,
http://talkingpointsmemo.com/livewire/chelsea-handler-putin-sexism,NSFW: Topless Chelsea Handler Mocks Vladimir Putin To Make A Point About Sexism,"Oct 31, 2014",Catherine Thompson,livewire,,1928,1746,,32,,,32,351,377,19,135,1018,28,
http://talkingpointsmemo.com/livewire/weather-channel-climate-change-cnn,Weather Channel Co-Founder Doubles Down On Climate Change Denial (VIDEO),"Nov 02, 2014",Caitlin MacNeal,livewire,,1910,1793,30,203,,,233,131,206,979,212,182,200,
http://talkingpointsmemo.com/livewire/tennessee-does-not-condemn-ap-history,Tennessee Ed Board Won't Condemn Unpatriotic AP History Exam,"Nov 02, 2014",Caitlin MacNeal,livewire,,1613,1517,8,81,,,89,132,132,1147,143,7,52,
http://talkingpointsmemo.com/livewire/joni-ernst-responds-tom-harkin,Joni Ernst: Harkin Wouldn't Comment On My Looks If My Name Were 'John',"Nov 03, 2014",Catherine Thompson,livewire,,1462,1337,36,7,,,43,110,142,863,220,39,88,
http://talkingpointsmemo.com/livewire/andrea-tantaros-joni-ernst-fake-outrage-attractive,Fox Host: Joni Ernst Was 'Feigning Outrage' Over Being Called Attractive,"Nov 03, 2014",Ahiza Garcia,livewire,,1441,1335,23,3,,,26,69,5,1202,127,8,30,
http://talkingpointsmemo.com/livewire/chris-rock-snl-boston-bombing,"Chris Rock Jokes About Boston Bombing, 9/11 On 'SNL' (VIDEO)","Nov 03, 2014",Brendan James,livewire,,1380,1297,9,1,,,10,120,47,1003,177,13,20,
http://talkingpointsmemo.com/livewire/david-perdue-outsourcing-products-dollar-general-pillowtex,GOPer Doubles Down On Outsourcing: 'We Closed Down Plants All The Time',"Nov 03, 2014",Daniel Strauss,livewire,,1366,1344,43,6,,,49,78,2,1199,66,4,17,
http://talkingpointsmemo.com/livewire/accidental-shooting-michigan-dog,Man Accidentally Shoots Hand And Kills Family Dog In The Process,"Nov 03, 2014",Daniel Strauss,livewire,,1350,1232,37,23,,,60,109,16,1003,137,7,78,
http://talkingpointsmemo.com/livewire/bill-maher-huckabee-conservative-allies,"Bill Maher's New Allies: Bill O'Reilly, Sean Hannity, Mike Huckabee","Nov 03, 2014",Tom Kludt,livewire,,1182,1111,23,,,,23,72,14,814,236,20,26,
http://talkingpointsmemo.com/livewire/bill-maher-democrats-obama-2014,Bill Maher Torches Democrats For Throwing Obama Under The Bus (VIDEO),"Nov 01, 2014",Sahil Kapur,livewire,,1113,1052,8,684,,,692,178,154,196,532,43,10,
http://talkingpointsmemo.com/livewire/daily-show-didnt-air-intense-redskins-tailgate-footage,'Daily Show' Didn't Air Even More Intense Redskins Tailgate Footage,"Sep 27, 2014",Catherine Thompson,livewire,,1003,986,1,2,,,3,38,5,944,9,4,3,
http://talkingpointsmemo.com/livewire/santorum-religion-nazi-germany,Santorum: U.S. May Reach Same Level Of  Religious Persecution As Nazi Germany (VIDEO),"Nov 02, 2014",Caitlin MacNeal,livewire,,975,924,16,599,,,615,133,136,321,280,37,68,
http://talkingpointsmemo.com/livewire/washington-post-cdc-contractor-convicted-felon-obama-armed,Armed Man In Elevator With Obama Was Not A Convicted Felon,"Nov 03, 2014",Daniel Strauss,livewire,,958,879,21,3,,,24,60,8,717,144,8,21,
http://talkingpointsmemo.com/livewire/rand-paul-voter-id-gop,Rand Paul: It's 'Dumb' For GOP To Emphasize Support Of Voter ID (VIDEO),"Nov 03, 2014",Caitlin MacNeal,livewire,,926,868,40,10,,,50,62,6,763,41,20,34,
http://talkingpointsmemo.com/livewire/joe-biden-midterms-democrats-control-senate,Biden Predicts That Dems Will Keep The Senate (VIDEO),"Nov 03, 2014",Daniel Strauss,livewire,,729,677,20,35,,,55,48,5,580,51,8,37,
http://talkingpointsmemo.com/livewire/tucker-carlson-older-white-guy-appreciation-day,Fox Host Thinks America Needs 'Older White Guy Appreciation Day' (VIDEO),"Nov 02, 2014",Caitlin MacNeal,livewire,,726,707,9,165,,,174,66,57,492,83,12,16,
http://livewire.talkingpointsmemo.com/entry/poll-louisiana-gopers-unsure-if-katrina-response-was,Poll: Louisiana GOPers Unsure If Katrina Response Was Obama's Fault,"Aug 21, 2013",Tom Kludt,livewire,U.S.PollTracker,548,510,,95,,,95,119,119,,266,7,37,
http://talkingpointsmemo.com/livewire/national-organization-of-marriage-seth-moulton-richard-tisei,Anti-Gay Group Pushing Dem Over Gay GOPer Backfires Spectacularly,"Oct 31, 2014",Daniel Strauss,livewire,,505,482,,9,,,9,72,61,12,83,130,147,
http://talkingpointsmemo.com/livewire/daily-show-showdown-redskins-fans-native-americans,WATCH: 'Daily Show' Pits Native Americans Against Redskins Fans,"Sep 26, 2014",Catherine Thompson,livewire,,430,400,,,,,,28,6,396,,,,
http://talkingpointsmemo.com/livewire/joni-ernst-mcconnell-leader,Joni Ernst Won't Commit To Backing McConnell As GOP Leader,"Nov 01, 2014",Sahil Kapur,livewire,,337,324,7,,,,7,27,21,7,273,5,4,
http://talkingpointsmemo.com/livewire/greg-abbott-militia-kevin-kc-massey,"Texas Militia Member Posed With Greg Abbott Days Before Arrest, Raid","Oct 31, 2014",Brendan James,livewire,,323,295,14,14,,,28,26,6,103,9,14,165,
http://talkingpointsmemo.com/livewire/romney-gop-senate-immigration-reform,Romney: GOP Senate Will Send Immigration Bill To Obama's Desk,"Nov 02, 2014",Caitlin MacNeal,livewire,,271,250,2,123,,1,126,33,28,129,56,10,15,
http://talkingpointsmemo.com/livewire/michael-grimm-leads-by-19,Poll: GOP's Michael Grimm Leads By A Whopping 19 Points,"Nov 01, 2014",Sahil Kapur,livewire,,260,230,2,83,,,85,37,23,18,48,117,17,
http://talkingpointsmemo.com/livewire/daily-show-washington-redskins-tense-showdown,'Daily Show' Prank On Redskins Fans Leads To Tense Showdown With Native Americans,"Sep 20, 2014",Tom Kludt,livewire,,260,254,,,,,,6,4,250,,,,
http://talkingpointsmemo.com/livewire/matt-taibbi-returns-to-rolling-stone,Taibbi Returns To Rolling Stone Days After Leaving eBay Founder's Startup,"Oct 31, 2014",Tom Kludt,livewire,,260,228,,10,,,10,51,23,24,35,119,8,
http://talkingpointsmemo.com/livewire/kasich-plain-dealer-interview-plunderbund,Paper Demands Liberal Blog Pull Video Of Kasich's Awkward Inteview,"Oct 29, 2014",Dylan Scott,livewire,,210,164,2,9,,,11,141,9,7,33,5,15,
http://talkingpointsmemo.com/livewire/republicans-winning-dark-money-spending,"Yes, Republicans Are Totally Winning The Dark Money Game (CHARTS)","Nov 03, 2014",Caitlin MacNeal,livewire,,209,217,3,,,,3,16,,176,17,,,
http://talkingpointsmemo.com/livewire/kevin-williamson-abortion-tweet,National Review Writer: Women Who Have Abortions Should Be Hanged,"Sep 29, 2014",Daniel Strauss,livewire,,209,190,6,3,,,9,23,1,22,44,7,112,
http://talkingpointsmemo.com/livewire/bill-oreilly-white-republicans-afraid-blacks,Bill O'Reilly: White Republicans Are 'Afraid Of Black Americans' (VIDEO),"Oct 31, 2014",Brendan James,livewire,,201,175,,8,,,8,38,38,8,55,16,46,
http://talkingpointsmemo.com/livewire/princeton-experts-say-us-no-longer-democracy,Princeton Study: U.S. No Longer An Actual Democracy,"Apr 18, 2014",Brendan James,livewire,,178,160,,100,,,100,59,5,2,75,26,11,
http://talkingpointsmemo.com/livewire/mike-fleck-stick-figure-sex-drawing,GOP Official Posts Stick-Figure Sex Drawing Of Gay PA State Rep.,"Oct 31, 2014",Catherine Thompson,livewire,,167,160,,9,,,9,23,25,6,81,19,13,
http://talkingpointsmemo.com/livewire/baby-ruth-bader-ginsburg,Ruth 'Baby' Ginsburg Beats Everyone At Political Halloween Costumes,"Oct 31, 2014",Catherine Thompson,livewire,,165,162,3,62,,,65,68,22,6,40,28,1,
http://talkingpointsmemo.com/livewire/larry-krieger-ap-us-history-conservatives,Meet The Man Behind The Right's AP History Freak Out,"Oct 09, 2014",Caitlin MacNeal,livewire,,145,128,1,1,,,2,3,17,124,,1,,
http://talkingpointsmemo.com/livewire/dennis-prager-campus-rape-culture-big-lie,Radio Host Calls Campus Rape Culture 'Big Lie' At Rick Scott Rally,"Oct 30, 2014",Brendan James,livewire,,136,133,4,7,,,11,16,11,1,18,2,88,
http://talkingpointsmemo.com/livewire/hot-shots-models-utah-national-guard,Utah Nat'l Guard In Hot Water Over 'Hot Shots' Swimsuit Model Photo Shoot,"Oct 17, 2014",Ahiza Garcia,livewire,,125,115,,2,,,2,33,29,,47,16,,
http://talkingpointsmemo.com/livewire/rand-paul-ebola-quarantines,Watch: Rand Paul Doesn't Quite Know How To Feel About Ebola Quarantines,"Nov 02, 2014",Caitlin MacNeal,livewire,,125,120,2,32,,,34,12,12,69,15,2,15,
http://talkingpointsmemo.com/livewire/sarah-palin-comments-brawl,Sarah Palin: My Family's Alaska Brawl Was 'Humiliating',"Oct 24, 2014",Ahiza Garcia,livewire,,122,110,,,,,,18,2,5,93,2,2,
http://talkingpointsmemo.com/livewire/scott-walker-mary-burke-swastikas-ellerman-trek-bicycles,Dem Burke Releases 'Swastikas' Ad Slamming Walker's 'Sleaze Politics',"Oct 31, 2014",Daniel Strauss,livewire,,117,106,,7,,,7,23,11,10,36,27,10,
http://talkingpointsmemo.com/livewire/john-mccain-sarah-palin-brawl,John McCain Talks About The Palin Brawl: 'Things Happen',"Nov 01, 2014",Ahiza Garcia,livewire,,110,97,2,38,,,40,21,10,12,24,24,19,
http://talkingpointsmemo.com/livewire/stephen-colbert-rick-scott-gop-ad,Colbert Debuts His Own Ad For Rick Scott Sanitary Napkins (VIDEO),"Oct 15, 2014",Ahiza Garcia,livewire,,109,90,,3,,,3,55,11,,6,9,28,
http://talkingpointsmemo.com/livewire/staten-island-paper-endorse-grimm,Staten Island Paper Is Disgusted With Its Own Michael Grimm Endorsement,"Oct 30, 2014",Brendan James,livewire,,106,90,,10,,,10,14,16,1,12,63,,
http://talkingpointsmemo.com/livewire/louie-gohmert-gays-military-massages,Gohmert: Gays 'Getting Massages All Day' Make The Military 'Vulnerable To Terrorism',"Oct 24, 2014",Ahiza Garcia,livewire,,105,100,,2,,,2,15,,2,4,1,83,
http://talkingpointsmemo.com/livewire/bill-maher-clay-aiken-going-to-lose,Bill Maher Torches Clay Aiken For Obama Knock: 'Redneck Vote Has Sailed',"Oct 01, 2014",Sahil Kapur,livewire,,95,85,,,,,,9,7,17,58,4,,
http://talkingpointsmemo.com/livewire/jonathan-chait-kevin-williamson-national-review-primate-territorial-challenge,Conservative Writer: I Wasn't Racist When I Described 9-Year-Old Black Kid As A 'Primate',"Aug 13, 2014",Daniel Strauss,livewire,,89,86,1,,,,1,9,,9,,1,70,
http://talkingpointsmemo.com/livewire/kansas-tax-october-tax-revenue-15-percent-sam-brownback,Brownback Hit With New Data Showing Tax Collection Shortfall,"Oct 31, 2014",Daniel Strauss,livewire,,89,80,8,5,,,13,25,8,19,7,19,11,
http://talkingpointsmemo.com/livewire/sharyl-attkisson-video-hacking,Benghazi Reporter Releases Video Of Her Computer Being 'Hacked' (VIDEO),"Oct 31, 2014",Tom Kludt,livewire,,84,71,,1,,,1,54,4,6,,8,12,
http://livewire.talkingpointsmemo.com/entry/msnbc-defends-maddows-reddit-ask-me-anything,MSNBC Defends Maddow's Reddit 'Ask Me Anything',"Mar 11, 2013",David Taintor,livewire,U.S.,69,3,,,,,,67,,,,1,1,
http://talkingpointsmemo.com/livewire/operation-american-spring-fails,Tens Of Millions Somehow Fail To Turn Out For 'Operation American Spring',"May 16, 2014",Eric Lach,livewire,,66,66,,,,,,,,,,,66,
http://talkingpointsmemo.com/livewire/rnc-ap-exam-revisionist-history,RNC Condemns AP Exam's 'Radically Revisionist View' Of U.S. History,"Aug 13, 2014",Caitlin MacNeal,livewire,,63,58,1,,,,1,5,14,39,,3,2,
http://talkingpointsmemo.com/livewire/bill-kristol-likes-twitter,Bill Kristol Is Having A Good Time Since Joining Twitter: 'What's Not To Like?',"Oct 14, 2014",Tom Kludt,livewire,,63,53,1,,,,1,2,1,45,5,6,4,
http://talkingpointsmemo.com/livewire/kevin-massey-ammonium-nitrate-guns-search,"Feds Found Ammonium Nitrate, AK-47 In Militia Leader's Hotel Room","Oct 30, 2014",Brendan James,livewire,,61,53,,5,,,5,8,5,24,4,3,17,
http://talkingpointsmemo.com/livewire/scott-brown-geography-debate,Reporter Schools Scott Brown On New Hampshire Geography In Debate (VIDEO),"Oct 31, 2014",Catherine Thompson,livewire,,59,52,,1,,,1,9,2,10,14,7,17,
http://talkingpointsmemo.com/livewire/trey-radel-cocaine-congressman-record-expunged,Ex-Congressman Gets His Cocaine Bust Expunged,"Oct 31, 2014",Tom Kludt,livewire,,58,55,,33,,,33,8,11,5,22,4,8,
http://talkingpointsmemo.com/livewire/todd-bosnich-cnn-interview-carl-demaio,Accuser: GOP Candidate Masturbated 'Penis In His Hand' In Front Of Me,"Oct 10, 2014",Daniel Strauss,livewire,,57,54,,,,,,4,9,41,,3,,
http://talkingpointsmemo.com/livewire/rula-jebreal-critical-msnbc-palestinian-journalist,Rula Jebreal Rails Against MSNBC For Labeling Her 'Palestinian Journalist' (VIDEO),"Jul 27, 2014",Caitlin MacNeal,livewire,,56,50,,,,,,5,11,,,40,,
http://talkingpointsmemo.com/livewire/ted-cruz-tim-cook-gay-personal-decision,Ted Cruz Has An Opinion On Apple CEO's Coming Out,"Oct 30, 2014",Catherine Thompson,livewire,,52,49,,2,,,2,12,2,3,31,1,3,
http://talkingpointsmemo.com/livewire/mary-landrieu-obama-race,Mary Landrieu: South Not Always 'The Friendliest Place' For Blacks (VIDEO),"Oct 31, 2014",Sahil Kapur,livewire,,50,48,,22,,,22,7,2,15,8,3,15,
http://talkingpointsmemo.com/livewire/keith-ablow-american-jihad-fox,Fox's Keith Ablow: 'It Is Time For An American Jihad' (VIDEO),"Oct 29, 2014",Brendan James,livewire,,47,43,,15,,,15,14,2,2,15,3,11,
http://talkingpointsmemo.com/livewire/don-surber-columnist-keeps-blogging,"Ex-Columnist Keeps Blogging, Republishes Post On 'Animal' Michael Brown","Oct 31, 2014",Tom Kludt,livewire,,47,44,,,,,,8,7,4,9,10,9,
http://talkingpointsmemo.com/livewire/bill-kristol-prediction-mark-warner-ed-gillespie,Bill Kristol Actually Thinks Ed Gillespie Can 'Pull Off One Heck Of An Upset',"Oct 31, 2014",Daniel Strauss,livewire,,46,41,,,,,,4,8,8,,24,2,
http://talkingpointsmemo.com/livewire/wasserman-schultz-priebus-cnn-debate,Watch: Debate Between Party Chairs Spirals Into Childish Chaos,"Oct 26, 2014",Caitlin MacNeal,livewire,,43,38,,7,,,7,6,4,,30,1,2,
http://talkingpointsmemo.com/livewire/john-coleman-climate-change-denial-fox,Weather Channel Co-Founder Turns To Fox To Call BS On Climate Change (VIDEO),"Oct 28, 2014",Catherine Thompson,livewire,,42,40,,6,,,6,8,5,5,23,1,,
http://talkingpointsmemo.com/livewire/reagan-aide-calls-for-southern-secession,Reagan Aide Wants The South To Secede And Form Anti-Gay 'Reagan' Nation,"Oct 23, 2014",Catherine Thompson,livewire,,42,39,,1,,,1,9,6,1,10,13,3,
http://talkingpointsmemo.com/livewire/nikki-haley-whore-gaffe-kick-gut,Nikki Haley: Opponent Laughing About 'Whore' Gaffe Was 'A Kick In The Gut',"Oct 29, 2014",Ahiza Garcia,livewire,,41,39,,8,,,8,2,2,,4,33,,
http://talkingpointsmemo.com/livewire/boston-globe-butt-plug-tweet-paul-mccarthy,Boston Globe Offers Brief Explanation For Chocolate Butt Plug Tweet,"Oct 28, 2014",Tom Kludt,livewire,,40,38,,2,,,2,14,4,,1,21,,
http://talkingpointsmemo.com/livewire/palin-brawl-police-report-amazing-moments,Palin Clan Brawl: Seven Amazing Moments Revealed By The Police Report,"Oct 09, 2014",Ahiza Garcia,livewire,,39,35,,,,,,4,8,2,3,22,,
http://talkingpointsmemo.com/livewire/daily-show-texas-wont-turn-blue,Stewart: Dems Trying To Flip Texas Like Drunk Man Hitting On A Lesbian (VIDEO),"Oct 31, 2014",Brendan James,livewire,,37,30,,,,,,7,5,13,1,5,6,
http://talkingpointsmemo.com/livewire/warren-christie-ebola-scientists,"Warren Bashes Christie On Ebola: We Need 'Science, Not Politics'","Oct 28, 2014",Caitlin MacNeal,livewire,,37,30,,207,,,207,9,2,,25,1,,
http://talkingpointsmemo.com/livewire/joni-ernst-obamacare-arrest-law-enforcement,GOPer Ernst Backed Arresting Feds Over Obamacare In 2012 Survey,"Oct 03, 2014",Daniel Strauss,livewire,,37,32,,,,,,6,1,,,22,8,
http://talkingpointsmemo.com/livewire/charles-c-johnson-green-footballs-headquarters,Antic Right Wing Blogger Now Stalking His Biggest Critic,"Oct 30, 2014",Tom Kludt,livewire,,36,31,,,,,,11,4,2,7,,12,
http://talkingpointsmemo.com/livewire/don-surber-michael-brown-animal-put-down-charleston-daily-mail-apologizes,Columnist Who Called Michael Brown An 'Animal' Puts Newspaper In A Bind,"Oct 28, 2014",Tom Kludt,livewire,,36,32,3,1,,,4,10,1,1,4,14,6,
http://talkingpointsmemo.com/livewire/lindsay-graham-white-men-presidency,Lindsey Graham: White Men Will 'Do Great' In My Presidency (AUDIO),"Oct 30, 2014",Catherine Thompson,livewire,,32,28,1,3,,,4,9,,,6,2,15,
http://talkingpointsmemo.com/livewire/snl-cold-open-ebola,Watch: SNL Hits Every Obama Scandal While Ridiculing Ebola Response,"Oct 26, 2014",Caitlin MacNeal,livewire,,32,27,,,,,,9,2,1,2,13,5,
http://talkingpointsmemo.com/livewire/joni-ernst-gail-ernst-hillary-clinton-facebook-called-hag,Iowa GOP Senate Candidate's Husband Called Hillary Clinton A 'Hag',"Jun 09, 2014",Daniel Strauss,livewire,,32,28,1,,,,1,2,2,,1,22,5,
http://talkingpointsmemo.com/livewire/richard-bunck-apple-valley-neo-nazi-past,California Candidate: Despite My Neo-Nazi Past 'I Am Not A Hater',"Oct 30, 2014",Ahiza Garcia,livewire,,31,30,,4,,,4,2,4,7,3,14,1,
http://talkingpointsmemo.com/livewire/cnn-ferguson-video-bystanders-hands-air,Video Of Michael Brown Shooting Scene: 'He Had His F**king Hands In The Air!',"Sep 11, 2014",Ahiza Garcia,livewire,,30,23,,,,,,6,5,,1,18,,
http://talkingpointsmemo.com/livewire/hong-kong-protestors-compared-slaves,Hong Kong Politician: Our Protestors Are Like The 'American Slaves',"Oct 31, 2014",Brendan James,livewire,,29,25,,5,,,5,9,8,2,8,,2,
http://talkingpointsmemo.com/livewire/republicans-are-people-too-stock-photo,The Republicans In 'Republicans Are People Too' Ad Are All Stock Photos,"Oct 01, 2014",Caitlin MacNeal,livewire,,29,25,,1,,,1,4,2,,4,14,5,
http://talkingpointsmemo.com/livewire/ann-coulter-medical-treatment-ebola-victims,Ann Coulter Rails Against 'Free Medical Treatment' For Ebola Victims,"Oct 16, 2014",Catherine Thompson,livewire,,28,27,,2,,,2,4,5,,16,3,,
http://talkingpointsmemo.com/livewire/sarah-palin-climate-change-eugenics,Sarah Palin: Climate Change Is The New Eugenics,"Oct 28, 2014",Catherine Thompson,livewire,,28,27,,3,,,3,5,2,,6,4,11,
http://talkingpointsmemo.com/livewire/nc-state-cosmo-male-models,Cosmo Sends Shirtless Male Models To Get Out The Vote In North Carolina,"Oct 28, 2014",Brendan James,livewire,,28,22,10,4,,,14,10,1,,3,11,3,
http://talkingpointsmemo.com/livewire/domino-pizza-rand-paul-gop-sucks,Rand Paul: GOP Brand 'Sucks' Like Domino's Pizza Did,"Oct 30, 2014",Caitlin MacNeal,livewire,,27,24,1,11,,,12,4,1,3,2,4,13,
http://talkingpointsmemo.com/livewire/daily-show-kochs-new-sponsor,'The Daily Show' Welcomes The Koch Brothers As New Sponsor (VIDEO),"Oct 30, 2014",Brendan James,livewire,,27,24,3,1,,,4,9,2,1,8,6,1,
http://talkingpointsmemo.com/livewire/fox-gretchen-carlson-derek-jeter,Fox News' Gretchen Carlson Heaps Praise On Husband's Client Derek Jeter,"Sep 19, 2014",Tom Kludt,livewire,,26,23,,,,,,,1,,,24,1,
http://talkingpointsmemo.com/livewire/rush-limbaugh-quarantine-chris-christie,Rush Limbaugh: The GOP Ought To Quarantine Chris Christie,"Oct 27, 2014",Catherine Thompson,livewire,,25,24,,1,,,1,8,,1,15,,1,
http://livewire.talkingpointsmemo.com/entry/fordham-study-public-policy-polling-deemed-most-accurate,Fordham Study: Public Policy Polling Deemed Most Accurate National Pollster In 2012,"Nov 07, 2012",Kyle Leighton,livewire,2012PollTracker,24,23,,,,,,1,,,,9,14,
http://talkingpointsmemo.com/livewire/bruce-rauner-christine-kirk-lawsuit-threats,IL GOPer Allegedly Threatened CEO Over Lawsuit: 'I Will Bury Her',"Oct 07, 2014",Daniel Strauss,livewire,,23,18,,,,,,,3,,2,18,,
http://talkingpointsmemo.com/livewire/daily-show-michael-grimm-domenic-recchia,Stewart: 'How The F**k' Is Michael Grimm Still Winning His Race? (VIDEO),"Oct 15, 2014",Ahiza Garcia,livewire,,23,17,,,,,,8,1,,1,13,,
http://talkingpointsmemo.com/livewire/mitch-mcconnell-smiling-campaign-ad,Mitch McConnell's Awkward Campaign Ad Will Make You Cringe,"Mar 12, 2014",Daniel Strauss,livewire,,23,21,,,,,,2,1,,,20,,
http://talkingpointsmemo.com/livewire/nancy-kassebaum-baker-pat-roberts-ad,Retired GOP Senator Refused To Film Campaign Ad For Pat Roberts,"Sep 30, 2014",Dylan Scott,livewire,,23,23,,22,,,22,3,3,,15,2,,
http://talkingpointsmemo.com/livewire/justice-alito-turned-away-brunch,Justice Alito Denied Brunch By Hostess Who Didn't Recognize Him,"Oct 27, 2014",Caitlin MacNeal,livewire,,22,21,,,,,,4,2,1,7,2,6,
http://talkingpointsmemo.com/livewire/daily-show-dems-retreat-obama,Stewart Mocks Dems' Obama Retreat: It's Like We 'Found Your Porn' (VIDEO),"Oct 29, 2014",Brendan James,livewire,,21,19,,,,,,2,5,,1,10,3,
http://talkingpointsmemo.com/livewire/john-oliver-debuts-hbo-show-mocking-rnc-ads,John Oliver Teases New HBO Show By Mocking GOP's 'Millennial' Ads (VIDEO),"Mar 21, 2014",Brendan James,livewire,,21,20,,,,,,,1,1,1,,18,
http://talkingpointsmemo.com/livewire/vincent-sheheen-apologizes-nikki-haley-whore-slip-up,Democratic Challenger Sorry For Accidentally Calling Nikki Haley A 'Whore',"Oct 27, 2014",Tom Kludt,livewire,,21,18,,2,,,2,,2,1,2,16,,
http://talkingpointsmemo.com/livewire/john-oliver-dogs-few-good-men,John Oliver's SCOTUS Dogs Re-Cast In 'A Few Good Men' (VIDEO),"Oct 31, 2014",Brendan James,livewire,,21,19,,,,,,3,,1,1,15,1,
http://talkingpointsmemo.com/livewire/vincent-sheheen-whore-slip-nikki-haley,Oops: Dem Challenger Slips And Calls Gov. Nikki Haley A 'Whore' (VIDEO),"Oct 24, 2014",Tom Kludt,livewire,,20,16,,,,,,6,,3,1,10,,
http://talkingpointsmemo.com/livewire/affleck-maher-spar-over-islam,WATCH: Bill Maher And Ben Affleck Tear Into Each Other Over Islam,"Oct 04, 2014",Brendan James,livewire,,20,20,,,,,,1,,15,2,2,,
http://talkingpointsmemo.com/livewire/colbert-defends-photoshop-corbett,Colbert Busts GOP Guv For Photoshopped Racial Outreach (VIDEO),"Oct 29, 2014",Brendan James,livewire,,20,20,2,,,,2,8,2,1,1,5,3,
http://talkingpointsmemo.com/livewire/police-pepper-spray-teen-home,Police Pepper-Spray Black Teen After He Entered White Foster Parents' Home,"Oct 08, 2014",Ahiza Garcia,livewire,,20,19,,,,,,10,,,10,,,
http://talkingpointsmemo.com/livewire/national-organization-marriage-absurd-scotus-decision,Anti-Gay Group Spews Furious Word Salad Over SCOTUS Ruling,"Oct 06, 2014",Catherine Thompson,livewire,,20,19,,,,,,8,,,10,2,,
http://talkingpointsmemo.com/livewire/secret-service-obama-elevator-contractor-gun,Report: Armed Convict Got On Elevator With Obama Two Weeks Ago,"Sep 30, 2014",Daniel Strauss,livewire,,19,16,,,,,,2,,12,,4,1,
http://talkingpointsmemo.com/livewire/kenneth-macleod-miami-beach-video,WATCH: Florida Cop Curses Out Motorcyclist Who Said 'God Bless You',"Oct 29, 2014",Ahiza Garcia,livewire,,19,17,,,,,,3,2,1,6,6,1,
http://talkingpointsmemo.com/livewire/watch-chris-christie-sandy-heckler,Chris Christie Goes Off On Sandy Heckler: 'Sit Down And Shut Up!' (VIDEO),"Oct 30, 2014",Catherine Thompson,livewire,,18,16,,1,,,1,3,4,1,4,6,,
http://talkingpointsmemo.com/livewire/amy-poehler-golden-globes-richard-cohen-12-years-a-slave,Amy Poehler's Joke At The Golden Globes Sounded Like It Came From Richard Cohen's Column,"Jan 12, 2014",Tom Kludt,livewire,,18,18,,,,,,,6,,,12,,
http://talkingpointsmemo.com/livewire/president-obama-peter-king-tan-suit-rant,Rep. Peter King Is Angry President Obama Wore A Tan Suit,"Aug 29, 2014",Daniel Strauss,livewire,,18,17,,,,,,3,3,,,12,,
http://talkingpointsmemo.com/livewire/nate-silver-sam-wang-election-forecasts,Nate Silver Calls Competing Election Forecaster's Model 'Wrong',"Sep 17, 2014",Dylan Scott,livewire,,18,17,,,,,,2,,1,,14,1,
http://talkingpointsmemo.com/livewire/house-goper-i-need-my-paycheck,House GOPer: 'I Need My Paycheck' During Shutdown,"Oct 03, 2013",Dylan Scott,livewire,,17,17,,,,,,,,16,,1,,
http://talkingpointsmemo.com/livewire/david-brooks-disclose-son-israeli-military,Disagreement At NYT Over David Brooks Not Disclosing Son's IDF Service,"Oct 08, 2014",Tom Kludt,livewire,,17,16,,,,,,4,1,,11,1,,
http://talkingpointsmemo.com/livewire/montana-mailer-stanford-dartmouth-settlement,Stanford And Dartmouth Urge Voters To 'Ignore' Their Controversial Mailer,"Oct 28, 2014",Dylan Scott,livewire,,17,14,,,,,,1,,1,,13,2,
http://talkingpointsmemo.com/livewire/sarah-palin-haters-run-office,Sarah Palin: Despite The 'Haters' I May Run For Office Again,"Oct 28, 2014",Ahiza Garcia,livewire,,16,16,,15,,,15,4,,1,10,,1,
http://talkingpointsmemo.com/livewire/james-lincoln-collier-obama-n-word-west-view-news,Columnist Defends N-Word Headline: People Think Of Obama That Way,"Jul 08, 2014",Daniel Strauss,livewire,,16,15,,3,,,3,5,2,,9,,,
http://talkingpointsmemo.com/livewire/ferguson-civil-rights-charges-unlikely,WaPo: Federal Civil Rights Charges Unlikely In Michael Brown Shooting,"Oct 31, 2014",Dylan Scott,livewire,,15,13,,,,,,1,3,7,,2,2,
http://talkingpointsmemo.com/livewire/chuck-todd-most-awkward-sendoff-possible,Chuck Todd Departs 'Daily Rundown' In The Most Awkward Way Possible,"Aug 29, 2014",Brendan James,livewire,,15,15,,,,,,,4,,,11,,
http://talkingpointsmemo.com/livewire/vance-mcallister-kissing-statement,GOP Rep. Caught Kissing Staffer On Camera Asks For 'Forgiveness',"Apr 07, 2014",Eric Lach,livewire,,15,15,,,,,,,2,13,,,,
http://talkingpointsmemo.com/livewire/yes-ruth-bader-ginsburg-owns-notorious-rbg-shirts,"Yes, Ruth Bader Ginsburg Owns A Ton Of Those 'Notorious RBG' T-Shirts","Oct 20, 2014",Catherine Thompson,livewire,,15,14,,,,,,2,2,1,,10,,
http://talkingpointsmemo.com/livewire/jon-stewart-bill-o-reilly-white-privilege,Jon Stewart To Bill O'Reilly: Just Admit White Privilege Exists! (VIDEO),"Oct 16, 2014",Ahiza Garcia,livewire,,15,13,,,,,,2,,1,4,6,2,
http://talkingpointsmemo.com/livewire/weather-channel-statement-climate-change,"Weather Channel: Despite What Our Co-Founder Says, Climate Change Is Real","Oct 30, 2014",Catherine Thompson,livewire,,14,13,,,,,,2,2,5,,1,4,
http://talkingpointsmemo.com/livewire/michele-reagan-birther-bill-explanation,WATCH: Arizona Candidate Struggles To Explain Vote For 'Birther' Bill,"Oct 27, 2014",Brendan James,livewire,,14,10,,,,,,1,,,,2,11,
http://talkingpointsmemo.com/livewire/rnc-co-chair-wisconsin-voters-not-sharp,RNC Co-Chair Warns Wisconsin Voters Not 'As Sharp As A Knife',"Oct 21, 2014",Caitlin MacNeal,livewire,,14,12,,1,,,1,1,,2,10,,1,
http://talkingpointsmemo.com/livewire/michael-jordan-obama-bad-golfer,Michael Jordan Gets Real: Obama Is A 'Sh*tty Golfer' (VIDEO),"Oct 30, 2014",Catherine Thompson,livewire,,14,10,1,,,,1,4,2,4,2,1,1,
http://talkingpointsmemo.com/livewire/elisabeth-hasselbeck-rosie-odonnell-feud,Fox's Elisabeth Hasselbeck Is Furious Rosie O'Donnell Might Return To 'The View',"Jul 09, 2014",Tom Kludt,livewire,,14,11,,,,,,,4,,,10,,
http://talkingpointsmemo.com/livewire/nate-silver-scotland-independence-prediction,Nate Silver Really Regrets His Prediction On Scottish Independence Vote,"Sep 18, 2014",Tom Kludt,livewire,,14,13,,1,,,1,4,,,7,3,,
http://talkingpointsmemo.com/livewire/john-oliver-supreme-court-camera-ban,John Oliver Has The Perfect Solution For SCOTUS' Camera Ban (VIDEO),"Oct 20, 2014",Ahiza Garcia,livewire,,14,12,,,,,,12,,,,2,,
http://talkingpointsmemo.com/livewire/joni-ernst-editorial-board-meetings,Joni Ernst Reportedly Canceled Major Iowa Editorial Board Meetings,"Oct 23, 2014",Daniel Strauss,livewire,,14,13,,,,,,3,,1,8,2,,
http://talkingpointsmemo.com/livewire/mark-walker-foreigners-blitz-drug-cartels,GOPer Open To 'Blitz' Other Country Over Foreigners 'Sneaking In With Drug Cartels',"Sep 19, 2014",Daniel Strauss,livewire,,14,11,1,3,,,4,3,2,,,1,8,
http://talkingpointsmemo.com/livewire/berkeley-petition-bill-maher-islam,Berkeley Students Say No To 'Bigot' Bill Maher As Commencement Speaker,"Oct 28, 2014",Catherine Thompson,livewire,,13,13,,3,,,3,,1,1,,1,10,
http://talkingpointsmemo.com/livewire/obama-republicans-call-it-obamacare,Obama's Prediction: GOP Will Stop Calling It 'Obamacare' In 10 Years,"Oct 31, 2014",Sahil Kapur,livewire,,13,11,1,,,,1,2,4,1,1,1,4,
http://talkingpointsmemo.com/livewire/dallas-airport-homophobic-tackle-crowd,"WATCH: Crowd At Dallas Airport Tackles Irate, Homophobic Man","Oct 27, 2014",Brendan James,livewire,,13,10,,,,,,6,,1,4,2,,
http://talkingpointsmemo.com/livewire/chris-christie-tired-minimum-wage-debate,Chris Christie: 'I'm Tired Of Hearing About The Minimum Wage',"Oct 21, 2014",Catherine Thompson,livewire,,13,13,,1,,,1,3,1,,3,6,,
http://talkingpointsmemo.com/livewire/stephen-colbert-louie-gohmert-massage,Colbert: Gohmert's Right About Military 'Man-On-Man Massage Cubes' (VIDEO),"Oct 28, 2014",Brendan James,livewire,,13,9,,,,,,5,1,,,7,,
http://talkingpointsmemo.com/livewire/ppp-colorado-senate-oct-30,Latest Colorado Senate Polls Show Everything From Tie To Big GOP Lead,"Oct 30, 2014",Dylan Scott,livewire,,13,12,,1,,,1,,3,,1,8,1,
http://talkingpointsmemo.com/livewire/cumberland-county-flyer-photo-lynching-kay-hagan-impeachment,Mysterious Pro-Hagan Flyer With Lynching Pic Circulates In N.C. (PHOTO),"Oct 21, 2014",Daniel Strauss,livewire,,13,12,,,,,,3,,,,8,2,
http://talkingpointsmemo.com/livewire/mormon-church-general-women-s-session,'Rhetorical' Change In Mormon Church Is Big Win For Women,"Oct 31, 2014",Daniel Strauss,livewire,,12,12,,,,,,3,1,5,,,3,
http://talkingpointsmemo.com/livewire/bristol-palin-feminist-hero,"'Feminist Hero'? Bristol Palin Says Yeah, She Hit A Guy, But He Had It Coming","Oct 23, 2014",Ahiza Garcia,livewire,,12,12,,2,,,2,3,2,1,2,4,,
http://talkingpointsmemo.com/livewire/white-riots-keene-nh-pumpkin-fest,Twitter Users Mock White 'Culture Of Violence' In N.H. Pumpkin Fest Riots,"Oct 20, 2014",Ahiza Garcia,livewire,,12,11,,2,,,2,3,,,4,5,,
http://talkingpointsmemo.com/livewire/bill-o-reilly-ben-affleck-isil-behead,Bill O'Reilly: ISIL Would Behead Ben Affleck 'In A Heartbeat' (VIDEO),"Oct 07, 2014",Ahiza Garcia,livewire,,12,11,,,,,,1,,7,,3,1,
http://talkingpointsmemo.com/livewire/limbaugh-cbs-colbert,Limbaugh To CBS Chief Over Colbert: I'm The 'Mayor of Realville',"May 01, 2014",Caitlin MacNeal,livewire,,12,4,,,,,,12,,,,,,
http://talkingpointsmemo.com/livewire/judy-melinek-ferguson-autopsy-report-msnbc,Expert: My Michael Brown Autopsy Analysis Was Taken 'Out Of Context',"Oct 23, 2014",Dylan Scott,livewire,,12,11,,2,,,2,4,1,,2,1,4,
http://talkingpointsmemo.com/livewire/fox-news-targets-scientific-american-editor-hate-tweets,Scientific American Editor Flooded With Hate Tweets After Fox News Targets Him,"May 01, 2014",Catherine Thompson,livewire,,12,4,,,,,,12,,,,,,
http://talkingpointsmemo.com/livewire/coca-cola-super-bowl-ad-america-the-beautiful-conservatives-boycott,Coca-Cola's Multicultural Super Bowl Ad Really Angered Conservatives,"Feb 03, 2014",Tom Kludt,livewire,,12,6,,,,,,4,1,,,4,3,
http://talkingpointsmemo.com/livewire/daily-show-christie-quarantine,Jon Stewart On Christie's Ebola Quarantine: Don't Be A D*ck (VIDEO),"Oct 28, 2014",Brendan James,livewire,,12,9,,,,,,3,1,1,,6,1,
http://talkingpointsmemo.com/livewire/mary-landrieu-wobble-tailgate,Watch Sen. Landrieu 'Wobble' At A Tailgate,"Oct 09, 2014",Daniel Strauss,livewire,,11,10,1,,,,1,3,,,7,1,,
http://talkingpointsmemo.com/livewire/david-perdue-michelle-nunn-panama-canal,GOPer Perdue Attacks Dem Nunn For Father's Panama Canal Vote,"Oct 28, 2014",Daniel Strauss,livewire,,11,10,,4,,,4,3,,,2,5,1,
http://talkingpointsmemo.com/livewire/bruce-braley-tom-harkin-donate-dscc,Report: Sen. Harkin Refused To Give Funds To Help Rep. Braley â€” Twice,"Oct 16, 2014",Daniel Strauss,livewire,,11,11,,,,,,,1,6,,4,,
http://talkingpointsmemo.com/livewire/toronto-mayor-rob-ford-gets-the-jon-stewart-treatment-video,Toronto Mayor Rob Ford Gets The Jon Stewart Treatment (VIDEO),"Nov 05, 2013",Tom Kludt,livewire,,11,11,,,,,,3,8,,,,,
http://talkingpointsmemo.com/livewire/fox-outnumbered-catcalling-flattering,Women Of Fox Have No Problem With Catcalls: 'Let Men Be Men',"Aug 28, 2014",Ahiza Garcia,livewire,,11,10,,,,,,1,1,,,5,4,
http://talkingpointsmemo.com/livewire/jon-stewart-ferguson,WATCH: The Jon Stewart Ferguson Segment You've Been Waiting For,"Aug 27, 2014",Catherine Thompson,livewire,,11,10,,,,,,6,1,,1,1,2,
http://talkingpointsmemo.com/livewire/fox-hosts-dub-uae-female-fighter-pilot-boobs-on-the-ground,Fox Hosts Dub Female Fighter Pilot Who Bombed ISIL 'Boobs On The Ground' (VIDEO),"Sep 25, 2014",Catherine Thompson,livewire,,11,8,,,,,,6,2,2,,,1,
http://talkingpointsmemo.com/livewire/chris-christie-deletes-bong-tweet,Chris Christie Deletes 'Bongs' Tweet,"Oct 29, 2014",Catherine Thompson,livewire,,11,11,,,,,,4,2,3,,2,,
http://talkingpointsmemo.com/livewire/republicans-like-obamacare-commonwealth-fund,Survey: Most Republicans Who Bought Obamacare Coverage Like Their Plans,"Jul 10, 2014",Dylan Scott,livewire,,11,8,,4,,,4,1,,1,4,5,,
http://talkingpointsmemo.com/livewire/joni-ernst-generation-rely-absolutely-everything,Ernst: A Whole 'Generation' Relies On Gov't For 'Absolutely Everything',"Oct 16, 2014",Daniel Strauss,livewire,,11,11,,,,,,,,,9,1,1,
http://talkingpointsmemo.com/livewire/pope-evolution-big-bang-creation,"Pope: Evolution, Big Bang Theories Don't Contradict Creation","Oct 28, 2014",Caitlin MacNeal,livewire,,11,10,,,,,,3,,,,4,4,
http://talkingpointsmemo.com/livewire/oregon-cake-bakers-vvs,Baker Who Wouldn't Serve Lesbians Burst Into Tears On Gay Marriage Panel,"Sep 26, 2014",Daniel Strauss,livewire,,10,10,,,,,,1,1,2,,3,3,
http://talkingpointsmemo.com/livewire/rula-jebreal-turned-down-msnbc-offer,"Rula Jebreal Clarifies Departure From MSNBC: If I Wanted To Stay, I Would Have","Jul 23, 2014",Tom Kludt,livewire,,10,8,,,,,,,2,2,1,5,,
http://talkingpointsmemo.com/livewire/brad-schimel-defend-interracial-marriage-ban,GOP Nominee For Wisconsin AG Says He Would Defend Interracial Marriage Ban,"Oct 09, 2014",Catherine Thompson,livewire,,10,9,,,,,,2,,,,8,,
http://talkingpointsmemo.com/livewire/cnn-joe-scarborough-ratings-unhinged,CNN Rep Mocks Scarborough: He's 'Become Unhinged' Over His Low Ratings,"May 01, 2014",Tom Kludt,livewire,,10,4,,,,,,9,,,,1,,
http://talkingpointsmemo.com/livewire/oregon-governor-poll-weird,Bogus Coverage Of Oregon Gov Poll Sparks Momentary Freakout,"Oct 23, 2014",Dylan Scott,livewire,,10,10,,,,,,1,,,,9,,
http://talkingpointsmemo.com/livewire/douglas-mackinnon-reportedly-fired-tampa-tribune,'Reaganistan' Secession Author Reportedly Fired From Columnist Gig,"Oct 28, 2014",Catherine Thompson,livewire,,10,7,,4,,,4,6,,,,4,,
http://talkingpointsmemo.com/livewire/denver-post-endorsement-colorado-senate-race,"Denver Post Dumps Udall, Endorses Gardner in Colorado Senate Race","Oct 10, 2014",Dylan Scott,livewire,,10,7,,,,,,4,,,2,4,,
http://talkingpointsmemo.com/livewire/hannity-bill-maher-good-america,Hannity Thinks Bill Maher Is 'Good For America' (VIDEO),"Oct 08, 2014",Caitlin MacNeal,livewire,,10,9,,,,,,,,8,,2,,
http://livewire.talkingpointsmemo.com/entry/unskewed-polls-founder-i-was-only-wrong-because,'Unskewed Polls' Founder: 'I Was Only Wrong' Because I Didn't Consider Voter Fraud,"Jun 10, 2013",Tom Kludt,livewire,U.S.PollTracker,10,9,,,,,,,1,,,9,,
http://talkingpointsmemo.com/livewire/fox-bob-beckel-catcalls,"Fox Host Mocks Anti-Catcall Video: Damn, 'You're A Piece Of Woman' (VIDEO)","Oct 30, 2014",Catherine Thompson,livewire,,10,10,,,,,,2,,2,,5,1,
http://talkingpointsmemo.com/livewire/scott-walker-voter-id-law-debate,"Scott Walker On Voter ID: 'Doesn't Matter If There's One, 100, or 1,000'","Oct 11, 2014",Daniel Strauss,livewire,,10,10,,,,,,1,1,,5,3,,
http://talkingpointsmemo.com/livewire/thom-tillis-donor-call-polls,Top Tillis Strategist: Our Internal Polls Never Showed Us Ahead Of Hagan,"Oct 29, 2014",Daniel Strauss,livewire,,10,10,,,,,,1,,1,2,6,,
http://talkingpointsmemo.com/livewire/joan-quigley-nancy-reagan-astrologer-obituary,"Nancy Reagan's Astrologer, 'Closely Guarded Secret,' Died. Read The Obit.","Oct 25, 2014",Dylan Scott,livewire,,10,8,,,,,,5,1,1,2,1,,
http://talkingpointsmemo.com/livewire/epa-coal-rolling-short-answer-illegal,EPA: 'Coal Rolling' Is Illegal,"Jul 07, 2014",Daniel Strauss,livewire,,9,8,,,,,,,1,,1,6,1,
http://talkingpointsmemo.com/livewire/joni-ernst-husband-traitorous-skank,Iowa Senate Hopeful 'Appalled' Her Husband Called Janet Napolitano A 'Traitorous Skank',"Jun 12, 2014",Sahil Kapur,livewire,,9,6,2,,,,2,1,,1,5,2,,
http://talkingpointsmemo.com/livewire/kristol-sterling-reaction-hysterical,"Bill Kristol On Sterling: It's Bad, But No Reason To Get 'Hysterical'","Apr 28, 2014",Caitlin MacNeal,livewire,,9,3,,,,,,9,,,,,,
http://talkingpointsmemo.com/livewire/kareem-blame-sterling-girlfriend,Kareem Abdul-Jabbar Places Blame On Sterling's Girlfriend For 'Cajoling' Him Into Racist Comments,"Apr 28, 2014",Caitlin MacNeal,livewire,,9,3,,,,,,9,,,,,,
http://talkingpointsmemo.com/livewire/bill-oreilly-arrest-ebola-nurse,O'Reilly Calls For The Arrest Of Nurse Fighting Ebola Quarantine (VIDEO),"Oct 30, 2014",Brendan James,livewire,,9,8,,,,,,3,,,,4,2,
http://talkingpointsmemo.com/livewire/steve-hickey-anal-sex-letter-south-dakota,GOP State Lawmaker Writes Letter To Editor About Dangers Of Anal Sex,"May 01, 2014",Tom Kludt,livewire,,9,3,,,,,,9,,,,,,
http://talkingpointsmemo.com/livewire/david-lifferth-naacp-racist,Utah State Rep. Calls NAACP 'Racist' After Sterling Scandal,"May 01, 2014",Eric Lach,livewire,,9,3,,,,,,8,1,,,,,
http://talkingpointsmemo.com/livewire/jacob-dorsey-wisconsin-offensive-comments,Wisc. GOPer Drops Out Of Race Over 'F*gs' And 'N*ggers' Tweets,"Sep 17, 2014",Caitlin MacNeal,livewire,,9,7,,,,,,1,,,,7,1,
http://talkingpointsmemo.com/livewire/chuck-c-johnson-twitter-suspended,Charles C. Johnson's Twitter Account Suspended,"Oct 07, 2014",Tom Kludt,livewire,,9,9,,,,,,4,,,,5,,
http://talkingpointsmemo.com/livewire/ed-gillespie-advertising-virginia-senate-race,Ed Gillespie Abandoning TV Ads In Virginia Senate Race,"Oct 16, 2014",Daniel Strauss,livewire,,9,8,,,,,,,1,2,,6,,
http://talkingpointsmemo.com/livewire/charlie-crist-climate-change-scientist-brain,Charlie Crist On Climate Change: I'm Not A Scientist Either But I Can 'Use My Brain' And 'Talk To One',"Jul 26, 2014",Sahil Kapur,livewire,,9,7,,3,,,3,,1,,1,7,,
http://talkingpointsmemo.com/livewire/columnist-michael-brown-animal-leaves-paper,Paper No Longer Employs Columnist Who Called Michael Brown An 'Animal',"Oct 30, 2014",Caitlin MacNeal,livewire,,9,8,,,,,,2,1,3,,,3,
http://talkingpointsmemo.com/livewire/maine-gop-lawmakers-regrets-comparing-abortion-rape,Maine GOP Lawmaker: 'I Regret' Comparing Legal Abortion To Rape,"Feb 28, 2014",Sahil Kapur,livewire,,9,8,1,,,,1,,,,2,6,1,
http://talkingpointsmemo.com/livewire/new-georgia-project-christopher-brasher-voter-registration,Judge Refuses To Intervene In Lawsuit Over Missing Voter Registrations,"Oct 28, 2014",Daniel Strauss,livewire,,8,7,,1,,,1,1,2,,2,1,2,
http://talkingpointsmemo.com/livewire/jose-canseco-shoots-self-in-hand,Jose Canseco Shoots Off Middle Finger While Cleaning His Gun,"Oct 29, 2014",Catherine Thompson,livewire,,8,8,,,,,,2,3,,1,2,,
http://talkingpointsmemo.com/livewire/oreilly-bob-bergdahl-looks-muslim,O'Reilly Bashes Bergdahl's Dad: He 'Looks Like A Muslim' (VIDEO),"Jun 03, 2014",Caitlin MacNeal,livewire,,8,5,,,,,,2,,,,1,5,
http://talkingpointsmemo.com/livewire/mary-landrieu-get-a-life-keg-stand,Mary Landrieu Tells Keg Stand Critics To 'Get A Life',"Sep 22, 2014",Sahil Kapur,livewire,,8,7,1,,,,1,1,,1,3,3,,
http://talkingpointsmemo.com/livewire/zach-dasher-mussolini-hitler-stalin-type-regime,GOPer Warned Of 'Mussolini-Hitler-Stalin Type Regime' Taking Over USA,"Oct 21, 2014",Daniel Strauss,livewire,,8,8,,,,,,1,1,6,,,,
http://talkingpointsmemo.com/livewire/glenn-beck-ebola-song,Glenn Beck's Ebola Song Reminds You Not To Lick Vomit Off The Street (VIDEO),"Oct 07, 2014",Ahiza Garcia,livewire,,8,8,,,,,,3,1,,,4,,
http://talkingpointsmemo.com/livewire/watch-live-officials-discuss-virgin-galactic-rocket-explosion,WATCH LIVE: Officials Discuss Virgin Galactic's SpaceShipTwo Explosion,"Oct 31, 2014",Tom Kludt,livewire,,8,7,,,,,,1,,5,,,2,
http://talkingpointsmemo.com/livewire/florida-police-officer-tased-woman-back,Florida Police Officer Tased 62-Year Old Black Woman In The Back (VIDEO),"Oct 01, 2014",Daniel Strauss,livewire,,8,6,,,,,,4,,,,4,,
http://talkingpointsmemo.com/livewire/bill-maher-done-talking-islam,Bill Maher Is Tired Of Talking About His Criticism Of Islam,"Oct 16, 2014",Tom Kludt,livewire,,8,7,,,,,,,,6,1,1,,
http://talkingpointsmemo.com/livewire/scott-walker-minimum-wage-serve-a-purpose,Scott Walker: I Don't Think Minimum Wage 'Serves A Purpose',"Oct 14, 2014",Daniel Strauss,livewire,,8,8,,2,,,2,2,1,,5,,,
http://talkingpointsmemo.com/livewire/joni-ernst-gop-nomination-iowa,Iowa GOPer Who Aired Hog Castration Ad Wins U.S. Senate Nomination,"Jun 03, 2014",Daniel Strauss,livewire,,8,5,,1,,,1,1,1,,3,3,,
http://talkingpointsmemo.com/livewire/national-organization-for-marriage-carl-demaio-richard-tisei-monica-wehby,Anti-Gay Marriage Group Attacks Openly Gay Republican Candidates,"Oct 13, 2014",Dylan Scott,livewire,,8,8,,,,,,1,1,,4,2,,
http://talkingpointsmemo.com/livewire/mike-huckabee-colin-cowherd-nascar-southern-culture-goon-from-espn,Huckabee Goes Off On 'Goon From ESPN' For Linking Racer's Death To Southern Culture (VIDEO),"Aug 18, 2014",Tom Kludt,livewire,,8,7,,,,,,1,1,,,6,,
http://talkingpointsmemo.com/livewire/georgia-democratic-party-ferguson-shooting-flyer,Georgia Dems Invoke Ferguson In Early Voting Flyer (PHOTOS),"Oct 21, 2014",Daniel Strauss,livewire,,7,6,,,,,,1,1,,,4,1,
http://talkingpointsmemo.com/livewire/stephen-colbert-ask-a-grown-man,WATCH: Stephen Colbert Dishes 'Grown Man' Advice Out Of Character,"Jul 31, 2014",Catherine Thompson,livewire,,7,7,,,,,,1,2,,4,,,
http://talkingpointsmemo.com/livewire/rejected-man-fatally-shoots-woman,Man Allegedly Shot Woman Dead After She Refused To Give Him Her Number,"Oct 08, 2014",Brendan James,livewire,,7,7,,,,,,,2,,2,2,1,
http://talkingpointsmemo.com/livewire/americans-for-shared-prosperity-ad-dating-profile-obama,"Is This The Weirdest, Creepiest Ad Of The 2014 Election Cycle? (VIDEO)","Sep 22, 2014",Sahil Kapur,livewire,,7,7,,,,,,3,,,,4,,
http://talkingpointsmemo.com/livewire/alaska-senate-poll-hellenthal-associates-oct-24,Poll Shows Dem With Unexpectedly Huge Lead In Key Senate Race,"Oct 25, 2014",Dylan Scott,livewire,,7,6,,,,,,1,3,,1,2,,
http://talkingpointsmemo.com/livewire/ben-carson-nazi-reference,Ben Carson Suggests Progressives Could Turn U.S. Into Nazi Germany,"Feb 10, 2014",Eric Lach,livewire,,7,6,,1,,,1,1,,1,3,2,,
http://talkingpointsmemo.com/livewire/joni-ernst-smith-and-wesson-government-rights,GOPer Ernst Promises To Use Her Gun If Gov't Decides Rights Aren't 'Important',"Oct 23, 2014",Daniel Strauss,livewire,,7,6,,,,,,,,,,5,2,
http://talkingpointsmemo.com/livewire/ben-stein-michael-brown-unarmed,"Ben Stein: Michael Brown Was 'Armed With His Incredibly Strong, Scary Self'","Aug 27, 2014",Ahiza Garcia,livewire,,7,7,,,,,,1,1,,2,3,,
http://talkingpointsmemo.com/livewire/tennessee-revisionist-ap-us-history-exam,Tenn. Lawmakers Join GOP Attack On 'Revisionist' AP US History Exam,"Sep 02, 2014",Caitlin MacNeal,livewire,,7,7,,,,,,,1,6,,,,
http://talkingpointsmemo.com/livewire/howard-kurtz-stephen-colbert,'Pompous Blowhard' Stephen Colbert Continues To Annoy Howard Kurtz (VIDEO),"Sep 02, 2014",Tom Kludt,livewire,,7,6,,,,,,7,,,,,,
http://talkingpointsmemo.com/livewire/sarah-palin-family-brawl-police-report,READ: Anchorage Police Release Report For Palin Family Brawl,"Oct 09, 2014",Ahiza Garcia,livewire,,7,4,,,,,,5,,,1,,1,
http://talkingpointsmemo.com/livewire/fox-panelist-say-yes-to-the-dress,Fox Panelist: Maybe 'Say Yes To The Dress' Fans Shouldn't Vote,"Oct 02, 2014",Catherine Thompson,livewire,,7,7,,,,,,,1,,,1,5,
http://talkingpointsmemo.com/livewire/jaylen-fryberg-marysville-pilchuck-high-school,Reports: Washington School Shooter ID'd As Freshman Homecoming King,"Oct 24, 2014",Tom Kludt,livewire,,7,6,,,,,,,1,,,6,,
http://talkingpointsmemo.com/livewire/fox-news-denies-scientific-american-editor-climate-change-dustup,Scientific American Editor Has Proof Fox Told Him Not To Talk Climate Change,"Apr 30, 2014",Catherine Thompson,livewire,,7,3,,,,,,6,,,,1,,
http://talkingpointsmemo.com/livewire/maricopa-republicans-arizona-rinos,RINO Hunting: County GOP Weeding Out Members Who Endorsed AZ Dems,"Oct 30, 2014",Caitlin MacNeal,livewire,,7,6,,3,,,3,,,5,1,1,,
http://talkingpointsmemo.com/livewire/rosie-odonnell-responds-elisabeth-hasselbeck,Rosie O'Donnell: Fox's Elisabeth Hasselbeck Hid From Me,"Jul 10, 2014",Tom Kludt,livewire,,7,6,,,,,,,,,,7,,
http://talkingpointsmemo.com/livewire/georgia-showdown-guns-everywhere,Two Guys With Guns Have Showdown On First Day Of Georgia's New 'Guns Everywhere' Law,"Jul 02, 2014",Eric Lach,livewire,,7,7,,,,,,4,1,,1,1,,
http://talkingpointsmemo.com/livewire/michelle-nunn-voted-obama,Michelle Nunn Avoids The Grimes Treatment: I Voted For Obama,"Oct 17, 2014",Daniel Strauss,livewire,,7,7,,17,,,17,1,,,3,3,,
http://talkingpointsmemo.com/livewire/scott-walker-gay-marriage-fight-over,Scott Walker: Gay Marriage Fight Is 'Over In Wisconsin',"Oct 06, 2014",Caitlin MacNeal,livewire,,7,7,,,,,,,,,,7,,
http://talkingpointsmemo.com/livewire/portman-chuck-todd-grimes-disqualified,Portman To Chuck Todd: Even You Said Grimes 'Disqualified Herself',"Oct 26, 2014",Caitlin MacNeal,livewire,,7,6,,,,,,1,2,2,,2,,
http://talkingpointsmemo.com/livewire/chuck-todd-battles-facebook-trolls,Chuck Todd Takes A Beating In Facebook Chat,"Oct 17, 2014",Tom Kludt,livewire,,7,6,,,,,,2,,,1,4,,
http://talkingpointsmemo.com/livewire/charlie-crist-racism-republicans-obama,Charlie Crist Says He Became A Democrat Because Of GOP Racism,"May 06, 2014",Tom Kludt,livewire,,7,7,,,,,,1,,,,5,1,
http://talkingpointsmemo.com/livewire/julie-kocurek-perry-grand-jury-threat,Texas Judge Warns Rick Perry Not To Threaten Grand Jury,"Aug 22, 2014",Sahil Kapur,livewire,,7,6,,,,,,2,,,,5,,
http://talkingpointsmemo.com/livewire/cnn-stelter-megyn-kelly-ebola-coverage,WATCH: CNN Host Hits Megyn Kelly's Ebola Hysteria,"Oct 27, 2014",Brendan James,livewire,,7,3,,,,,,5,,,,2,,
http://talkingpointsmemo.com/livewire/thom-tillis-charlotte-observer-editorial-over-the-counter-birth-control,Editorial Blasts GOPer Tillis For 'Turnaround' On Birth Control,"Sep 08, 2014",Daniel Strauss,livewire,,7,7,,,,,,2,,,,4,1,
http://talkingpointsmemo.com/livewire/greta-van-susteren-bill-oreilly-cdc,Fox's Greta Van Susteren Calls Bill O'Reilly 'Dead Wrong' About CDC Director,"Oct 15, 2014",Tom Kludt,livewire,,7,2,,,,,,7,,,,,,
http://talkingpointsmemo.com/livewire/korey-klingenmeyer-palins-brawl-party,"Anchorage Homeowner: The Palins Show Up, 'And Now We've Got A S**t Show'","Oct 22, 2014",Ahiza Garcia,livewire,,6,5,,1,,,1,2,1,,2,1,,
http://talkingpointsmemo.com/livewire/dick-kelsey-david-kensinger-kancare-sam-brownback,Ex-Kansas Senator: Top Brownback Aide Being Investigated By FBI,"Oct 02, 2014",Daniel Strauss,livewire,,6,6,,,,,,1,1,,,4,,
http://talkingpointsmemo.com/livewire/missouri-republican-obama-domestic-enemy,Missouri Official Meant 'No Ill Intent' When She Called For Military Coup,"Oct 14, 2014",Caitlin MacNeal,livewire,,6,3,,,,,,2,1,,1,2,,
http://talkingpointsmemo.com/livewire/michigan-republican-party-ad-gary-peters-loan-sharknado,Michigan Republicans Probably Have The Worst Campaign Ad Of 2014,"Oct 20, 2014",Daniel Strauss,livewire,,6,5,,,,,,2,1,,,1,2,
http://talkingpointsmemo.com/livewire/thom-tillis-math-kay-hagan,Sen. Kay Hagan's Opponent Accuses Her Of Being Bad At Math,"Aug 28, 2014",Daniel Strauss,livewire,,6,6,,,,,,3,,2,,1,,
http://talkingpointsmemo.com/livewire/sebelius-on-open-mic-in-obamacare-grilling-don-t-do-this-to-me-video,Sebelius On Open Mic In Obamacare Grilling: 'Don't Do This To Me' (VIDEO),"Oct 30, 2013",Catherine Thompson,livewire,,6,1,,,,,,6,,,,,,
http://talkingpointsmemo.com/livewire/john-oliver-jane-goodall,John Oliver Brainstorms Dirty Chimp Nicknames With Jane Goodall (VIDEO),"Oct 27, 2014",Brendan James,livewire,,6,6,,,,,,1,,,,5,,
http://talkingpointsmemo.com/livewire/gardner-debate-personhood-bill-denials,Debate Moderator Confronts GOP's Gardner On Personhood Bill Denials,"Oct 16, 2014",Dylan Scott,livewire,,6,6,,,,,,3,,,,2,1,
http://talkingpointsmemo.com/livewire/poll-lundergan-grimes-leads-mcconnell,McConnell's Job Approval Rating Is Lower Than Obama's In Kentucky,"Feb 06, 2014",Daniel Strauss,livewire,,6,6,,,,,,1,,,,5,,
http://talkingpointsmemo.com/livewire/dear-prudence-halloween-poor-kids,Halloween 1-Percenter: Poor Kids Keep Coming To My Neighborhood,"Oct 23, 2014",Caitlin MacNeal,livewire,,6,7,,,,,,1,,,1,4,,
http://talkingpointsmemo.com/livewire/joni-ernst-agenda-21-iowa-senate,GOP Senate Candidate Spouted Glenn Beck's 'Agenda 21' Conspiracy Theory,"Aug 13, 2014",Dylan Scott,livewire,,6,6,,,,,,1,1,,,3,1,
http://talkingpointsmemo.com/livewire/palin-brawl-mystery-video,More Evidence The Palin Brawl Was Caught On Video,"Oct 22, 2014",Ahiza Garcia,livewire,,6,5,,,,,,,,,,6,,
http://talkingpointsmemo.com/livewire/larry-klayman-obama-racist-ferguson,Larry Klayman: 'Racist In Chief' Obama Siding With 'Black Brothers' in Ferguson,"Aug 18, 2014",Ahiza Garcia,livewire,,6,6,,,,,,6,,,,,,
http://talkingpointsmemo.com/livewire/daily-show-republicans-women-ads,'Daily Show': Republicans 'Finally Figured Out How Women's Brains Work' (VIDEO),"Oct 09, 2014",Ahiza Garcia,livewire,,6,4,,,,,,,,1,,4,1,
http://talkingpointsmemo.com/livewire/rick-scott-spouts-gibberish-explaining-debate-fan-delay,WATCH: Rick Scott Spouts Gibberish While Explaining Fan Delay In Debate,"Oct 16, 2014",Catherine Thompson,livewire,,6,4,6,,,,6,4,,,1,1,,
http://talkingpointsmemo.com/livewire/mark-begich-campaign-st-paul-island-alaska,A Tiny Alaskan Island Halfway To Russia Could Decide Control Of The Senate,"Oct 20, 2014",Dylan Scott,livewire,,6,5,,1,,,1,,2,1,2,1,,
http://talkingpointsmemo.com/livewire/oregon-man-robbed-of-new-gun-by-armed-man,Man Openly Carrying His Brand New Firearm Is Robbed Of It At Gunpoint,"Oct 08, 2014",Catherine Thompson,livewire,,6,5,,1,,,1,1,1,,2,,2,
http://talkingpointsmemo.com/livewire/phil-robertson-duck-dynasty-vance-mcallister,"'Duck Dynasty' Patriarch Goes Against McAllister, Endorses Nephew","Sep 24, 2014",Ahiza Garcia,livewire,,6,6,,6,,,6,,,,5,1,,
http://talkingpointsmemo.com/livewire/sarah-palin-family-brawl-investigation,Palin Clan Fight Club: The TPM Investigation,"Sep 12, 2014",Ahiza Garcia,livewire,,6,4,,,,,,3,1,2,,,,
http://talkingpointsmemo.com/livewire/nba-investigating-donald-sterling,NBA Investigating Clippers Owner's Racist Comments,"Apr 26, 2014",Eric Lach,livewire,,6,2,,,,,,6,,,,,,
http://talkingpointsmemo.com/livewire/scott-walker-chris-christie-money-advertising,"Scott Walker: It Was Nice Of Chris Christie To Visit, But I Need Money","Oct 27, 2014",Daniel Strauss,livewire,,6,3,,,,,,,,,,6,,
http://talkingpointsmemo.com/livewire/tom-harkin-bruce-braley-chuck-grassley-farmer-iowa,Sen. Harkin: Braley's 'Farmer from Iowa' Comment Wasn't A Big Deal,"Oct 21, 2014",Daniel Strauss,livewire,,6,6,,,,,,,1,,,5,,
http://talkingpointsmemo.com/livewire/court-rules-texas-allow-confederate-flag,Federal Court Rules Texas Must Issue Confederate Flag License Plates,"Jul 15, 2014",Caitlin MacNeal,livewire,,6,1,,,,,,4,,,,2,,
http://talkingpointsmemo.com/livewire/nate-silver-scott-brown-overhyped,Nate Silver: Scott Brown's Chances In New Hampshire 'A Little Overhyped',"Mar 23, 2014",Igor Bobic,livewire,,6,5,,,,,,2,,,,4,,
http://talkingpointsmemo.com/livewire/hammond-police-black-man-taser-video,"VIDEO: Police Break Car Window, Tase Black Man During Traffic Stop","Oct 07, 2014",Caitlin MacNeal,livewire,,6,4,,,,,,2,1,,,3,,
http://talkingpointsmemo.com/livewire/rwanda-screening-us-travelers-for-ebola,"Rwanda Flips The Script, Will Screen All Travelers From U.S. For Ebola","Oct 21, 2014",Catherine Thompson,livewire,,6,3,,,,,,2,,,,4,,
http://www.talkingpointsmemo.com/livewire/chuck-todd-it-s-not-media-s-job-to-correct-gop-s-obamacare-falsehoods-video,Chuck Todd: It's Not Media's Job To Correct GOP's Obamacare Falsehoods (VIDEO),"Sep 18, 2013",Tom Kludt,livewire,,6,5,,,,,,1,,,,5,,
http://talkingpointsmemo.com/livewire/colbert-citizenship-is-genetic,Colbert Agrees With Fox Guest: Being American 'Begins At Conception',"Oct 31, 2014",Brendan James,livewire,,6,6,,,,,,,1,3,,,2,
http://talkingpointsmemo.com/livewire/fox-host-apologizes-again-boobs-on-the-ground,Fox Host Apologizes Again For 'Boobs On The Ground' Crack,"Sep 27, 2014",Catherine Thompson,livewire,,6,6,,,,,,1,,3,,2,,
http://talkingpointsmemo.com/livewire/mcconnell-grimes-bluegrass-poll,Poll: Alison Lundergan Grimes Trails Mitch McConnell By 1 Point,"Oct 20, 2014",Sahil Kapur,livewire,,5,5,9,,,,9,1,,,1,3,,
http://talkingpointsmemo.com/livewire/fox-host-chrissy-teigen-problem-models-talk,Fox Host Suggests Model Chrissy Teigen Too Dumb To Talk Gun Violence (VIDEO),"Oct 23, 2014",Caitlin MacNeal,livewire,,5,5,,,,,,1,,,,4,,
http://talkingpointsmemo.com/livewire/jon-stewart-rips-hannity-spring-break-investigation,Jon Stewart Lampoons Hannity's Spring Break 'Investigation' (VIDEO),"Apr 10, 2014",Catherine Thompson,livewire,,5,3,,,,,,,4,,,1,,
http://talkingpointsmemo.com/livewire/steve-king-i-dont-expect-to-meet-gays-in-heaven,Steve King: I 'Don't Expect' To Meet Gays In Heaven,"Oct 24, 2014",Catherine Thompson,livewire,,5,5,,,,,,1,,,,3,1,
http://talkingpointsmemo.com/livewire/ross-douthat-adf-event-regret,NYT Columnist Regrets Appearing At Anti-Gay Group's Fundraiser,"Oct 22, 2014",Tom Kludt,livewire,,5,5,,,,,,1,1,,3,,,
http://talkingpointsmemo.com/livewire/anthony-culler-gays-gremlins,GOP Candidate Stands By Calling Gays 'Gremlins': This Is An 'Outbreak',"Oct 21, 2014",Ahiza Garcia,livewire,,5,4,,,,,,2,1,,,,2,
http://talkingpointsmemo.com/livewire/galen-hawk-montana-shooting,Report: 'Buzzed' Man Allegedly Killed Boy In Game Of 'Gun Tag',"Oct 28, 2014",Brendan James,livewire,,5,4,,,,,,3,,,,,2,
http://talkingpointsmemo.com/livewire/dinesh-dsouza-african-americans,D'Souza: African-Americans Better Off Because Ancestors Were 'Hauled From Africa To America',"Jun 30, 2014",Eric Lach,livewire,,5,4,,3,,,3,,1,,1,3,,
http://talkingpointsmemo.com/livewire/andrew-brenner-education-socialism,"Ohio State Rep: 'Public Education In America Is Socialism, What Is The Solution?'","Mar 13, 2014",Eric Lach,livewire,,5,4,,,,,,,,,,5,,
http://talkingpointsmemo.com/livewire/brian-sullivan-op-rant-morning-joe,Benghazi Prompts CNBC Anchor To Go On Epic Rant Against GOP (VIDEO),"May 13, 2014",Catherine Thompson,livewire,,5,3,,,,,,2,1,,,2,,
http://talkingpointsmemo.com/livewire/ron-johnson-isis-ebola,GOP Senator: We Face A 'Real And Present Danger' Of ISIL Using Ebola,"Oct 16, 2014",Ahiza Garcia,livewire,,5,4,,,,,,1,1,,2,,1,
http://talkingpointsmemo.com/livewire/sharyl-attkisson-hacked-computer-they,Sharyl Attkisson Talks About How 'They' Hacked Her Computer (VIDEO),"Oct 23, 2014",Tom Kludt,livewire,,5,5,,,,,,1,,4,,,,
http://talkingpointsmemo.com/livewire/charlo-greene-fuck-it-i-quit-ktva-alaska,"'F*ck It, I Quit': Alaska TV Reporter Makes Live Dramatic Exit (VIDEO)","Sep 22, 2014",Tom Kludt,livewire,,5,4,,,,,,,,,4,1,,
http://talkingpointsmemo.com/livewire/thomas-ravenel-facebook-post-kathryn-dennis,S.C. Senate Candidate On Facebook: I Did Not Assault My Ex's Hairdresser!,"Oct 27, 2014",Daniel Strauss,livewire,,5,5,,,,,,1,,,,4,,
http://talkingpointsmemo.com/livewire/fran-millar-georgia-educated-voters-more-voters,GOPer Doubles Down On Excessive Black Voting Complaint: I Prefer 'Educated Voters',"Sep 09, 2014",Daniel Strauss,livewire,,5,5,,3,,,3,,,,4,1,,
http://talkingpointsmemo.com/livewire/david-pepper-parking-tickets-10-000,"Ohio Attorney General Candidate Paid About $10,000 In Parking Fines","Aug 19, 2014",Daniel Strauss,livewire,,5,5,,,,,,,,,1,4,,
http://livewire.talkingpointsmemo.com/entry/ppp-bobby-jindal-is-most-unpopular-gop-governor,PPP: Bobby Jindal Is The Most Unpopular GOP Governor In America,"Aug 21, 2013",Tom Kludt,livewire,U.S.PollTracker,5,2,,,,,,3,,,,2,,
http://talkingpointsmemo.com/livewire/nypd-officer-kicks-head,WATCH: Plainclothes NYPD Cop Mistakenly Kicks Fellow Officer In Head,"Oct 23, 2014",Brendan James,livewire,,5,4,,1,,,1,3,,,1,,1,
http://talkingpointsmemo.com/livewire/joe-the-plumber-wurzelbacher-ucsb-shooting-dead-kids,Joe The Plumber To UCSB Parents: 'Your Dead Kids Don't Trump' My Guns,"May 27, 2014",Tom Kludt,livewire,,5,4,,,,,,,,,,5,,
http://talkingpointsmemo.com/livewire/greg-abbott-wendy-davis-interracial-marriage-ban,Texas AG Evades 'Hypothetical' Interracial Marriage Ban Question,"Oct 20, 2014",Daniel Strauss,livewire,,5,4,,,,,,1,1,,,3,,
http://talkingpointsmemo.com/livewire/sharyl-attkisson-scott-pelley-cbs,Sharyl Attkisson Blames CBS News Anchor Scott Pelley For Killing Her Stories,"Jul 07, 2014",Tom Kludt,livewire,,5,3,,,,,,3,1,,,1,,
http://talkingpointsmemo.com/livewire/terri-lynn-land-women-equal-pay-flexibility,GOP Candidate: Women More Interested In Job Flexibility Than Equal Pay,"Apr 08, 2014",Daniel Strauss,livewire,,5,4,,,,,,2,,,,3,,
http://talkingpointsmemo.com/livewire/ezra-klein-vox-obamacare-victory-conservatives,Conservatives Already Hate Ezra Klein's New Website,"Apr 11, 2014",Tom Kludt,livewire,,5,5,,,,,,1,,,,4,,
http://talkingpointsmemo.com/livewire/douglas-butzier-plane-crash-iowa-senate-race-libertarian,Libertarian Candidate In Iowa Senate Race Dies In Plane Crash,"Oct 14, 2014",Daniel Strauss,livewire,,5,5,,,,,,,,,,1,4,
http://talkingpointsmemo.com/livewire/harper-polling-south-dakota-senate-oct-13,GOP Poll: Dem Is In Striking Distance In South Dakota Senate Race,"Oct 13, 2014",Dylan Scott,livewire,,5,4,,,,,,1,,1,,3,,
http://talkingpointsmemo.com/livewire/jon-stewart-tears-cnn-apart-for-good-thing-or-bad-thing-reporting-video,Jon Stewart Tears CNN Apart For 'Good Thing Or Bad Thing' Reporting (VIDEO),"Oct 30, 2013",Tom Kludt,livewire,,5,1,,,,,,,,,,5,,
http://talkingpointsmemo.com/livewire/betty-olson-obama-taxi-driver-isil,"South Dakota GOPer Jokes That Obama, Taxi Drivers Were Sent Here By ISIL","Oct 06, 2014",Tom Kludt,livewire,,5,5,,1,,,1,,,,5,,,
http://talkingpointsmemo.com/livewire/tom-corbett-liquor-laws-women,Gov. Corbett: Reform Liquor Laws So It's Easier For Women To Make Dinner,"Aug 27, 2014",Daniel Strauss,livewire,,5,5,,,,,,,,,,5,,
http://talkingpointsmemo.com/livewire/stephen-colbert-explains-gamergate,"Colbert Explains The Mad, Mad, Mad World Of #Gamergate (VIDEO)","Oct 30, 2014",Brendan James,livewire,,5,5,,,,,,,,1,1,2,1,
http://talkingpointsmemo.com/livewire/report-cia-protected-1000-ex-nazi-spies,"Report: CIA Protected 1,000 Ex-Nazis It Hired As Cold War Spies","Oct 27, 2014",Catherine Thompson,livewire,,5,5,,,,,,2,,,,3,,
http://talkingpointsmemo.com/livewire/ben-carson-ap-history-isis,Ben Carson: AP History Would Make Kids Want To 'Sign Up For ISIS' (VIDEO),"Sep 30, 2014",Caitlin MacNeal,livewire,,5,5,1,1,,,2,1,,,1,3,,
http://talkingpointsmemo.com/livewire/congressmen-terrorists-nra-bloomberg-guns,Bloomberg Gun Group Ties Terrorists To Congressmen In Anti-NRA Campaign,"Oct 17, 2014",Brendan James,livewire,,5,5,1,,,,1,1,1,,2,,1,
http://talkingpointsmemo.com/livewire/chicago-voter-teases-obama-hands-off-my-girl,Chicago Voter Teases Obama: Hands Off My Girl! (VIDEO),"Oct 21, 2014",Catherine Thompson,livewire,,5,5,,,,,,,3,,,2,,
http://talkingpointsmemo.com/livewire/keith-novara-police-ferguson-bosses,St. Louis Cop Allegedly Tried To Get Woman Fired Over Ferguson Tweets,"Oct 17, 2014",Ahiza Garcia,livewire,,5,3,,,,,,3,,,1,1,,
http://talkingpointsmemo.com/livewire/colorado-senate-race-strategies-360,New Poll Focused On Hispanic Voters Gives Udall 1-Point Edge In Colorado,"Oct 29, 2014",Dylan Scott,livewire,,5,5,,2,,,2,,2,1,,2,,
http://talkingpointsmemo.com/livewire/wendy-davis-ad-lawsuit-greg-abbott-paralysis,Wendy Davis Ad Hits GOPer On Disabled Victims Even Though He's Disabled,"Oct 10, 2014",Daniel Strauss,livewire,,5,5,,,,,,2,,,,3,,
http://talkingpointsmemo.com/livewire/religious-groups-lgbt-hiring-hobby-lobby,"Post-Hobby Lobby, Religious Orgs Want Exemption From LGBT Hiring Order","Jul 02, 2014",Dylan Scott,livewire,,5,5,,,,,,3,1,,1,,,
http://talkingpointsmemo.com/livewire/donald-trump-maine-nurse-ebola-quarantine,Donald Trump: Maine Nurse 'Should Be Quarantined For 21 Days And Forget It',"Oct 30, 2014",Ahiza Garcia,livewire,,5,5,,,,,,1,,2,,,2,
http://talkingpointsmemo.com/livewire/edwin-edwards-run-congress,YOLO: Louisiana Ex-Con Governor Runs For Congress,"Feb 19, 2014",Daniel Strauss,livewire,,5,5,,,,,,,1,4,,,,
http://talkingpointsmemo.com/livewire/nate-silver-sam-wang-versus-the-world,"Silver: It's Not Me Vs. Sam Wang, It's Wang Vs. The World","Oct 03, 2014",Dylan Scott,livewire,,5,4,,,,,,,,,,5,,
http://talkingpointsmemo.com/livewire/david-perdue-outsourcing-pillowtex-defend,Georgia Senate Candidate Perdue 'Proud Of' His Record On Outsourcing,"Oct 06, 2014",Daniel Strauss,livewire,,5,5,,,,,,,,1,,4,,
http://talkingpointsmemo.com/livewire/scarborough-todd-bergdahl-father,Scarborough And Todd Get Into On-Air Shouting Match Over Bergdahl's Dad,"Jun 05, 2014",Tom Kludt,livewire,,5,5,,,,,,1,1,,,3,,
http://talkingpointsmemo.com/livewire/robert-ransdell-kentucky-senate-signs,Write-In Candidate For U.S. Senate Unveils 'With Jews We Lose' Signs,"Sep 18, 2014",Ahiza Garcia,livewire,,4,,,,,,,,,,,4,,
http://talkingpointsmemo.com/livewire/matt-taibbi-bush-tougher-than-obama-corporate-america,Matt Taibbi: 'Hands Down' Bush Was Tougher On Corporate America Than Obama (VIDEO),"Apr 15, 2014",Tom Kludt,livewire,,4,,,,,,,,,,,1,3,
http://talkingpointsmemo.com/livewire/reince-priebus-gop-women-poll,Chuck Todd Pushes RNC Chair: 'Too Many Crazy White Guys'?,"Aug 28, 2014",Caitlin MacNeal,livewire,,4,2,,,,,,,,,,,4,
http://talkingpointsmemo.com/livewire/young-americans-midterms,Poll: Percentage Of Young Americans Who Say They'll Vote In 2014 Drops,"Apr 29, 2014",Igor Bobic,livewire,,4,4,,,,,,,,,,4,,
http://talkingpointsmemo.com/livewire/stephen-colbert-isis-obama-fox,Colbert To Obama: Don't Let Congress Fool You--'Sometimes No Means Yes',"Aug 29, 2014",Ahiza Garcia,livewire,,4,2,,,,,,1,,1,,2,,
http://talkingpointsmemo.com/livewire/fox-outnumbered-rape-victims-responsibility,Fox Panelist: Rape Victims Have A 'Personal Responsibility' To Prevent It,"Sep 03, 2014",Ahiza Garcia,livewire,,4,,,,,,,2,,,,2,,
http://talkingpointsmemo.com/livewire/michael-grimm-last-book-read,Grimm And Challenger Bomb Debate Question About Last Books They Read (VIDEO),"Oct 30, 2014",Dylan Scott,livewire,,4,,,,,,,3,,1,,,,
http://talkingpointsmemo.com/livewire/tommy-knepper-apologizes-red-flag-trackers-african-american,DeMaio Campaign Manager Apologizes For Black 'Red Flag' Tracker Advice,"Oct 17, 2014",Daniel Strauss,livewire,,4,4,,,,,,1,,,,2,1,
http://talkingpointsmemo.com/livewire/gary-hart-denver-post-endorsement,Gary Hart Rips Denver Post For Cory Gardner Endorsement,"Oct 14, 2014",Tom Kludt,livewire,,4,4,,,,,,,1,,,3,,
http://talkingpointsmemo.com/livewire/ed-baptist-responds-economist-review-slavery-book,Author: The Economist Review Of My Slavery Book Was 'Blatantly Racist',"Sep 05, 2014",Dylan Scott,livewire,,4,2,,,,,,2,,,,2,,
http://talkingpointsmemo.com/livewire/ruth-bader-ginsburg-dissenting-collar,Ruth Bader Ginsburg Has A Badass 'Dissenting Collar',"Jul 31, 2014",Caitlin MacNeal,livewire,,4,4,,,,,,,,2,,2,,
http://talkingpointsmemo.com/livewire/cnbc-panel-tim-cook-gay,CNBC Panel Gets Awkward When Host Refers To Apple CEO Tim Cook As Gay (VIDEO),"Jun 27, 2014",Tom Kludt,livewire,,4,3,,,,,,2,,,,1,1,
http://talkingpointsmemo.com/livewire/ann-romney-nikki-hakey-whore-gaffe,Ann Romney: There Should Be More Outrage Over Dem's 'Whore' Gaffe,"Oct 28, 2014",Tom Kludt,livewire,,4,3,,5,,,5,1,,2,1,,,
http://talkingpointsmemo.com/livewire/bill-oreilly-pull-the-plug-msnbc,Bill O'Reilly Thinks It's Time For A Mercy Killing At MSNBC (VIDEO),"Oct 13, 2014",Tom Kludt,livewire,,4,,,,,,,1,,1,2,,,
http://talkingpointsmemo.com/livewire/stephen-colbert-rick-scott-fangate,Colbert: Fangate Really Blew For 'Python On Ecstasy' Rick Scott (VIDEO),"Oct 17, 2014",Ahiza Garcia,livewire,,4,,,,,,,1,,,,3,,
http://talkingpointsmemo.com/livewire/rudy-giuliani-uber-background-checks,Uber Consultant Rudy Giuliani Gives Uber A Big Thumbs Up On Background Checks,"Oct 29, 2014",Dylan Scott,livewire,,4,,1,,,,1,,,,2,1,1,
http://talkingpointsmemo.com/livewire/atf-arrests-member-texas-milita,ATF Arrests 'Commanding Officer' Of TX Citizen Milita On Weapons Charges,"Oct 21, 2014",Brendan James,livewire,,4,,,,,,,,,1,,3,,
http://talkingpointsmemo.com/livewire/paul-krugman-nate-silver-criticism,Nate Silver Is 'Happy To Forgive' Paul Krugman For Acting Like A Hedgehog,"Mar 24, 2014",Tom Kludt,livewire,,4,,,,,,,,1,,,3,,
http://talkingpointsmemo.com/livewire/colbert-bill-o-reilly-comes-out-republican,"Colbert: Come Out Of The Closet, Bill O'Reilly! You Are Not 'Independent' (VIDEO)","Oct 10, 2014",Ahiza Garcia,livewire,,4,4,,,,,,1,,,,2,1,
http://talkingpointsmemo.com/livewire/carol-costello-bristol-palin-apology,CNN Anchor Sorry For 'Joking' About Palin Brawl On Air,"Oct 23, 2014",Ahiza Garcia,livewire,,4,4,,,,,,1,1,,,2,,
http://talkingpointsmemo.com/livewire/george-will-ebola-airborne,George Will Unskews Science On Whether Ebola Is Airborne (VIDEO),"Oct 20, 2014",Brendan James,livewire,,4,,,,,,,1,,,,1,2,
http://talkingpointsmemo.com/livewire/police-push-don-lemon-ferguson,Police Officer Pushes CNN's Don Lemon From Sidewalk,"Aug 18, 2014",Caitlin MacNeal,livewire,,4,,,5,,,5,1,1,,2,,,
http://talkingpointsmemo.com/livewire/boehner-jobs-tweet-hijacked,Boehner's Blank GOP Jobs Plan Tweet Leads To Epic Trolling,"Oct 07, 2014",Brendan James,livewire,,4,3,,,,,,,,,2,,2,
http://talkingpointsmemo.com/livewire/stephen-colbert-bill-oreilly-pained-mentor,Stephen Colbert: Everyone On Bill O'Reilly's Show Thinks He's 'Insane',"Oct 02, 2014",Ahiza Garcia,livewire,,4,4,,,,,,,,,3,1,,
http://talkingpointsmemo.com/livewire/louisiana-ebola-experts,Louisiana To Ebola Experts: Stay Away,"Oct 29, 2014",Sahil Kapur,livewire,,4,3,1,,,,1,3,,,1,,,
http://talkingpointsmemo.com/livewire/bob-quast-got-balls-glock,Iowa Senate Candidate Will Use His Glock 'To Blow Your Balls Off' (VIDEO),"Apr 09, 2014",Daniel Strauss,livewire,,4,4,,,,,,1,,,,3,,
http://talkingpointsmemo.com/livewire/rob-maness-ad-truck-obamacare-roadkill,La. Tea Party Senate Candidate In Ad: 'I'll Make Obamacare Roadkill' (VIDEO),"Oct 21, 2014",Caitlin MacNeal,livewire,,4,3,,,,,,,,,,4,,
http://talkingpointsmemo.com/livewire/rep-jim-clyburn-confuses-texting-sexting-cspan,Rep. Clyburn: Key To Getting Out The Dem Vote Is 'Sexting' (VIDEO),"Sep 12, 2014",Catherine Thompson,livewire,,4,4,,,,,,,2,,,2,,
http://talkingpointsmemo.com/livewire/scotus-sotu,Four Supreme Court Justices Skip State Of The Union Address,"Jan 28, 2014",Dylan Scott,livewire,,4,3,,,,,,,,,,4,,
http://talkingpointsmemo.com/livewire/wisconsin-alderman-quiz-muslim-woman,Wisc. Official Won't Resign After Quizzing Muslim Woman On Terrorism,"Oct 23, 2014",Caitlin MacNeal,livewire,,4,2,,,,,,,,3,,,1,
http://talkingpointsmemo.com/livewire/nikki-haley-confederate-flag-ceos,Nikki Haley Defends Confederate Flag: CEOs Haven't Complained (VIDEO),"Oct 15, 2014",Caitlin MacNeal,livewire,,4,,,,,,,,,3,,1,,
http://talkingpointsmemo.com/livewire/bill-o-reilly-white-privilege-victimization,"Bill O'Reilly Can't Stop, Won't Stop Denying 'White Privilege' (VIDEO)","Oct 17, 2014",Catherine Thompson,livewire,,4,4,,,,,,1,,,,,3,
http://talkingpointsmemo.com/livewire/rand-paul-clarifies-voter-id-comments,Rand Paul Clarifies Voter ID Comments: There's 'Nothing Wrong With It',"May 14, 2014",Catherine Thompson,livewire,,4,,,,,,,,,,,3,1,
http://talkingpointsmemo.com/livewire/city-of-ferguson-public-relations-common-ground,Ferguson Hires PR Firm That Appears To Be Staffed Only By White People,"Aug 18, 2014",Daniel Strauss,livewire,,4,4,,,,,,,1,,,3,,
http://talkingpointsmemo.com/livewire/steve-vaillancourt-stands-by-ugly-as-sin-remarks,NH GOPer Won't Back Down On 'Ugly As Sin' Screed: I Told You So,"Oct 15, 2014",Catherine Thompson,livewire,,4,3,,,,,,2,,2,,,,
http://talkingpointsmemo.com/livewire/video-open-carry-protesters-vs-topless-women,WATCH: Topless Texans Spar With Open Carry Activists: 'Boobs For Peace!',"Jul 28, 2014",Catherine Thompson,livewire,,4,4,,,,,,,,,,4,,
http://talkingpointsmemo.com/livewire/darren-wilson-ferguson-felony-case-dismissed,Judge Tosses Case That Earned Ferguson Officer Darren Wilson An Award,"Oct 27, 2014",Ahiza Garcia,livewire,,4,4,,,,,,,1,1,,2,,
http://talkingpointsmemo.com/livewire/bruce-rauner-dave-mckinney-resignation-sun-times,Reporter Of Anti-Rauner Story Resigns: Paper Doesn't Have Our Backs,"Oct 22, 2014",Daniel Strauss,livewire,,4,4,,,,,,2,,,,2,,
http://talkingpointsmemo.com/livewire/family-gop-candidate-endorses-democrat,Extended Family Of Nevada AG GOP Candidate Endorses His Dem Opponent,"Oct 16, 2014",Caitlin MacNeal,livewire,,4,,,,,,,,2,,,1,1,
http://talkingpointsmemo.com/livewire/al-sharpton-michael-brown-eulogy,"Al Sharpton Talks Tough To Blacks In Ferguson, But Fox Mostly Doesn't Care","Aug 26, 2014",Tom Kludt,livewire,,4,3,,,,,,,1,,,3,,
http://talkingpointsmemo.com/livewire/sam-brownback-paul-davis-world-series-rasmussen-poll,Brownback Camp: Kansas City Royals Skewed Poll Showing Him Down 7,"Oct 24, 2014",Daniel Strauss,livewire,,4,4,,,,,,1,,,,3,,
http://talkingpointsmemo.com/livewire/russell-wilson-neil-cavuto,Super Bowl Champion Swats Away Fox Host's Criticism Of Michelle Obama,"Aug 11, 2014",Tom Kludt,livewire,,4,,,,,,,1,1,,,2,,
http://talkingpointsmemo.com/livewire/alabama-house-speaker-indicated-ethics-charges,Alabama GOP House Speaker Indicted On 23 Felony Ethics Charges,"Oct 20, 2014",Dylan Scott,livewire,,4,3,,,,,,,,2,1,1,,
http://talkingpointsmemo.com/livewire/miami-university-protest-george-will-rape,Miami U Students Protest George Will Speech Over Rape Column (VIDEO),"Oct 23, 2014",Caitlin MacNeal,livewire,,4,4,,,,,,,1,3,,,,
http://talkingpointsmemo.com/livewire/aj-delgado-ray-rice-victim,Hannity Guest: 'Ray Rice Is The Bigger Victim Of Domestic Violence Here',"Sep 11, 2014",Ahiza Garcia,livewire,,4,2,,,,,,1,,,,3,,
http://talkingpointsmemo.com/livewire/rula-jebreal-ben-shapiro-cnn,"CNN Pits Rula Jebreal Against Ben Shapiro In Heated, Personal Gaza Debate (VIDEO)","Aug 05, 2014",Tom Kludt,livewire,,4,4,,,,,,,,,,4,,
http://talkingpointsmemo.com/livewire/david-gergen-obama-between-two-ferns-zach-galifianakis,"As Expected, Obama's 'Ferns' Made David Gergen Uncomfortable","Mar 12, 2014",Tom Kludt,livewire,,4,4,,,,,,1,,,,3,,
http://talkingpointsmemo.com/livewire/chart-winners-and-losers-from-obamacare,CHART: 'Winners And Losers From Obamacare',"Oct 31, 2013",Igor Bobic,livewire,,4,,,,,,,,,,,3,1,
http://talkingpointsmemo.com/livewire/naomi-wolf-isis-beheading-videos-staged,Naomi Wolf Suggests ISIL Beheading Videos May Have Been Staged,"Oct 06, 2014",Catherine Thompson,livewire,,4,,,1,,,1,,,,1,,3,
http://talkingpointsmemo.com/livewire/watch-constituent-confront-don-young-suicide,WATCH: Woman Whose Nephew Committed Suicide Confronts Alaska GOPer,"Oct 27, 2014",Catherine Thompson,livewire,,4,4,,,,,,1,,1,2,,,
http://talkingpointsmemo.com/livewire/charles-krauthammer-climate-change-superstition,Krauthammer: Climate Change Is 'Superstition' Like 'The Rain Dance Of Native Americans',"May 08, 2014",Catherine Thompson,livewire,,4,4,,,,,,,,,,,4,
http://talkingpointsmemo.com/livewire/asheville-north-carolina-gay-pride-flag-city-hall-nazi-flag,Local NC GOPers Compare Gay Pride Flag Over City Hall To Flying Nazi Flag,"Oct 11, 2014",Daniel Strauss,livewire,,4,,,,,,,,,,,2,2,
http://talkingpointsmemo.com/livewire/donny-deutsch-nation-of-cowards,MSNBC Personality: We're A 'Nation Of Cowards' (VIDEO),"Oct 27, 2014",Tom Kludt,livewire,,4,,,,,,,2,,2,,,,
